Drittmittelgeber/ Funder;Förderkennzeichen;Call ;Kurztitel/ Acronym;Titel des Projekts/ Title ;Website;Projektbeginn;Projektende;Betreut durch Organisationseinheit ;Interne Projektnr.;Status;Publik
EU;;MSC ITN;WDAqua ;Answering Questions using Web Data;https://wdaqua.eu;01.01.2015;31.12.2018;C. DSDL;20150001;Accepted;Ja
EU;;;SlideWiki;Large-scale pilots for collaborative OpenCourseWare authoring, multiplatform delivery and Learning Analytics;https://slidewiki.eu;01.01.2016;31.12.2018;C. DSDL;20160002;Accepted;
BMBF;03O1441;Strategien und Konzepte im Bereich des Wissens- und Technologietransfers;;Sektorale Verwertung - TIB Transfer II;;01.03.2015;31.08.2018;C. E;53000001;Accepted;
DFG;LO 1166/2-1;LIS;NOA;Automatische Sammlung, Erschließung und Bereitstellung von Open-Access-Abbildungen;noa.wp.hs-hannover.de/;09.05.2016;31.03.2020;C. OSL;51000050;Accepted;ja
EU;;;IASIS;Integration and analysis of heterogeneous big data for precision medicine and suggested treatments for different types of patients;;01.04.2017;01.03.2020;C. SDM;20170003;Accepted;Ja
DFG;RO 2273/17-2;LIS-Förderprogramm / Ausschreibung: „Informationsinfrastrukturen für Forschungsdaten“;LaZAR;Webplattform für die Bearbeitung, Publikation und Langzeitarchivierung der regionalwissenschaftlichen Forschungsdaten (Folgeprojekt);;01.04.2017;31.03.2019;A. BuL;51000052;Accepted;
BMBF;03IO1635;;TextTransfer;"TextTransfer - Korpusgestützte Erkennung von Verwertungsmustern in
wissenschaftlichen Texten. Teilprojekt: Datenmanagement, Dokumentenauswahl sowie
Workflow zur Bereitstellung eines XMLbasierten Korpus";;01.12.2016;31.12.2019;C. OSL;53000004;Accepted;ja
BMWi;;;FaAM;Fully-automated Alpha Matting;;01.03.2017;31.10.2018;C. VA;20170008;Accepted;
BMBF;01UG1775X;EHeritage;DELFT;Digitalisierung des Ethnologischen Filmbestandes;;01.10.2017;30.09.2019;A. BuL;53000006;Accepted;
BMBF;01UG1775X;;DELFT;Digitalisierung des Ethnologischen Filmbestandes;;01.10.2017;30.09.2019;A. BuL;53000006;Accepted;Ja
Leibniz-Gemeinschaft;Strategiefonds-2017-Publikationsfonds;;OA Pub.fonds;Open-Access-Publikationsfonds für die Leibniz-Gemeinschaft 2017/2018;;01.01.2017;31.12.2018;B. PD;53000003;Accepted;
DFG;SE 1827/3-1;LIS / Überregionale Lizenzierung;Allianz-Lizenz Scientific.Net;Erwerb von Allianz-Lizenzen an der TIB: Scientific.Net: Materials Science and Engineering/Trans Tech Publications ;;01.01.2017;31.12.2019;A. Ref. L;51000051;Accepted;
MWK;14-55 026;;Sammlung Haupt (Garten);Erschließung gartenkünstlerischer Druckgraphiken Sammlung Haupt 2017;;01.01.2017;31.12.2017;A. W-Dienst;56000008;Accepted;Ja
DFG;EW 134/4-1;LIS E-Research;VIVA ;"VideoSearch4Archives (DRA); Entwicklung eines Softwaresystems zur Szenen- und Personenerkennung für die automatsiche Erschließung von wissenschfatlich genutzten Videoarchiven";;01.01.2018;31.12.2020;C. VA;51000054;Accepted;
Leibniz Forschungsverbund Science 2.0: Interne Ausschreibung für Projekte und Veranstaltungen;SAS-2016-ZBW-LFV;;GenR;GenerationR - Aufbau einer Science 2.0 Plattform im Rahmen des Leibniz-Forschungsverbundes Science 2.0;https://genr.eu/;01.10.2017;01.09.2019;C. OSL;54000001;Accepted;ja
Leibniz Forschungsverbund Science 2.0: Interne Ausschreibung für Projekte und Veranstaltungen;SAS-2016-ZBW-LFV;;GenR;GenerationR - Aufbau einer Science 2.0 Plattform im Rahmen des Leibniz-Forschungsverbundes Science 2.0;https://genr.eu/;01.04.2020;30.06.2021;C. OSL;54000006;Accepted;ja
DFG;EW 134/5-1;;ARAby;"Aby gets digital: ARAby -An adaptive Retrieval- and Analysistool for
the support of image-oriented scientific research";;01.01.2018;15.06.2018;C. VA;51000053;Accepted;
EU;;Big Data PPP;BOOST4.0;Big Data Value Spaces for COmpetitiveness of European COnnected Smart FacTories 4.0;;01.01.2018;01.12.2020;C. DSDL;20180005;Accepted;Ja
EU;;Big Data PPP;BigMedilytics;Big Data for Medical Analytics;;01.01.2018;31.08.2021;C. SDM;20180004;Accepted;Ja
DFG;SE 1827/9-1;LIS / Überregionale Lizenzierung;Allianz-Lizenz V SPIE;Erwerb von Allianz-Lizenzen an der TIB - SPIE Digital Library (Fortsetzung);;01.01.2018;31.12.2020;A. Ref. L;51000057;Accepted;
DFG;SE 1827/8-1;LIS / Überregionale Lizenzierung;Allianz-Lizenz IV DETAIL;Erwerb von Allianz-Lizenzen an der TIB - DETAIL inspiration;;01.01.2018;31.12.2020;A. Ref. L;51000056;Accepted;
DFG;SE 1827/10-1;Fachinformationsdienste für die Wissenschaft;FID MOVE;Fachinformationsdienst Mobilitäts- und Verkehrsforschung;;01.04.2018;31.10.2021;A. W-Dienst;51000055;Accepted;
DFG;SE 1827/10-1;Fachinformationsdienste für die Wissenschaft;FID MOVE;Fachinformationsdienst Mobilitäts- und Verkehrsforschung;;01.04.2018;31.10.2021;C. NTM;51000055;Accepted;
Leibniz-Gemeinschaft;K68/2017;Leibniz Wettbewerb 2018;TIB-3-SALIENT;Search as Learning: Investigating, Enhancing and Predicting Learning during Multimodal Web Search;;01.05.2018;30.04.2021;C. VA;54000002;Accepted;
BMBF;16OA053;;CHOAT-HEP;"Chancen und Herausforderungen der nationalen Umsetzung
eines internationalen Open Access Transformationsprojektes
am Beispiel der Hochenergiephysik";;01.01.2018;31.12.2019;A. Ref. L;53000008;Accepted;
BMBF;;;InclusiveOCW;Inklusive Kollaborative Erstellung und Nutzung von OpenCourseWare in der Berufsförderung von Menschen mit Seheinschränkung ;;01.12.2017;30.11.2020;C. DSDL;20170007;Accepted;
BMBF;01PE17004E;;InclusiveOCW;Reengineering and Public Sector Transformation;;01.12.2017;30.11.2020;C. VA;53000007;Accepted;
MWK;14-55 026-2018;;Sammlung Haupt;Restaurierung und Konservierung des Buchbestandes der Sammlung Albrecht Haupt ;;01.01.2018;31.12.2018;A. BuL;56000011;Accepted;
BMBF;16FDM035;Ideenwettbewerb Digitaler Wandel;FDS;FAIR Data and Software Workshop;https://tibhannover.github.io/2018-07-09-FAIR-Data-and-Software/;01.01.2018;31.12.2018;C. NTM;59000024;Accepted;
EU;INEA/CEF/ICT/A2017/1564684;CEF-TC-2017;EUPS;Europeana Media Unified Playout Service;;01.09.2018;29.02.2020;C. NTM;57000002;Accepted;
DFG;;RSF 2017;MEDUSA;Multimodally Enhanced Data Understanding for Search and Analytics;;;;C. VA;;Rejected;
DFG;;RSF 2017;MEDUSA;Multimodally Enhanced Data Understanding for Search and Analytics;;;;C. DSDL;;Rejected;
BMBF;01PU17019;;ROSI;Referenzimplementierung für offene szientometrische Informationen;https://labs.tib.eu/info/projekt/rosi-registry-of-open-scientometric-data-sources/;01.10.2018;30.09.2020;C. OSL;53000009;Accepted;ja
EU;;H2020 MSCA-ITN-2018 Innovative Training Networks;LATITUDE;Leadership development in ArTificial Intelligence To Understand and Drive 21st century;;;;C. DSDL;;Rejected;
EU;;H2020 MSCA-ITN-2018 Innovative Training Networks;KOALA;Education;;;;C. SDM;;Rejected;
EU;812997;H2020_MSCA-ITN-2018;Cleopatra;Cross-lingual Event-centric Open Analytics Research Academy;;01.01.2019;30.06.2023;C. VA;57000003;Accepted;
EU;;H2020 LC-EEB-02-2018;CitizenBIM;Building Information Modelling Adapted to Efficient Renovation (RIA);;;;C. OSL;;Rejected;
EU;;Europeana #edTech Challenge 2018;BeatTheBot!;Re-imagine education with culture and technology;;;;C. NTM;;Rejected;
EU;819536;ERC-2018-COG;ScienceGRAPH;"Foundations for Knowledge Graph based
Representation, Augmentation and Exploration of Scholarly Communication";;01.05.2019;30.04.2024;C. DSDL;57000007;Accepted;
EU;;H2020 DT-TRANSFORMATIONS-12-2018-2020 (IA);Enlight;Curation of digital assets and advanced digitisation;;;;C. SDM;;Rejected;
EU;822404;H2020_DT-TRANSFORMATIONS-02-2018-2020;QualiChain;Decentralised Qualifications' Verification and Management for Learner Empowerment, Education;;01.01.2019;31.12.2021;C. SDM;57000005;Accepted;Ja
EU;2018-1-DE02-KA202-005101;Erasmus+ KA2 2018;NursingAI;Redefining Nursing Skills for AI and robotization in health care;;01.09.2018;28.02.2021;C. DSDL;57000004;Accepted;
EU;;ERASMUS+ 2018 - AC/A05/2017 ;ALDS;KA2: Strategic partnerships in the field of education and training;;;;C. DSDL;;Rejected;
EU;824068;H2020_INFRAEOSC-04-2018;ENVRI-FAIR;ENVironmental Research Infrastructures building Fair services Accessible for society, Innovation and Research;;01.01.2019;30.06.2023;C. DSDL;57000006;Accepted;
EU;;H2020 FETOPEN-01-2018-2019-2020;ORKG;Open Research Knowledge Graph;;;;C. DSDL;;Rejected;
DFG;AU 340/14-1;Konferenz;DILS;International Conference on Data Integration in the Life Sciences (DILS);;20.11.2018;21.11.2018;C. DSDL;51000059;Accepted;Ja
EU;;H2020 SwafS-04-2018 (RIA);re.Data;Encouraging the re-use of research data generated by publically funded research projects;;;;C. NTM;;Rejected;
EU;;H2020 SwafS-15-2018-2019 (RIA);DS4C;Exploring and supporting citizen science;;;;C. OSL;;Rejected;
EU;;H2020 ICT-12-2018-2020 (RIA);XeGA;Big data technologies and extreme-scale analytics;;;;C. SDM;;Rejected;
EU;;H2020 ICT-24-2018-2019 (RIA);EBA;Next Generation Internet - An Open Internet Initiative;;;;C. OSL;;Rejected;
EU;;H2020 SC1-BHC-05-2018 (RIA);EdgePMed;"International flagship collaboration with Canada for human data storage,
integration and sharing to enable personalised medicine approaches";;;;C. SDM;;Rejected;
Leibniz-Gemeinschaft;;Kooperative Exzellenz;ARBOR;Automatic Relation extraction based on Bibliographic distributions for authORity vocabularies;;;;C. DSDL;;Rejected;
EU;;ERASMUS+ 2018 - AC/A05/2017 ;SciLink;KA2: Strategic partnerships in the field of education and training;;;;C. DSDL;;Rejected;
EU;;H2020 SC1-DTH-07-2018 (RIA);SHIELDS;Exploiting the full potential of in-silico medicine research for personalised diagnosticsand therapies in cloud-based environments;;;;C. SDM;;Rejected;
Leibniz-Wettbewerb 2019;;Leibniz Transfer;LeiCord;Leibniz Conference Recording Service;;;;C. NTM;;Rejected;
Leibniz-Wettbewerb 2020;;Leibniz Professorinnenprogramm;LiDIS;Linked Data in Information Science;;;;C. OSL;;Rejected;
DFG;SE 1827/13-1;LIS / Überregionale Lizenzierung;Allianz-Lizenz Biochem.;Erwerb von Allianz-Lizenzen an der TIB - Biochemical Society Journals;;27.02.2019;26.02.2022;A. EuK;51000060;Accepted;
DFG;415796915;LIS E-Research;iART;Interaktives Analyse- und Retrieval-Tool zur Unterstützung von bildorientierten Forschungsprozessen;;01.01.2019;31.12.2021;C. VA;51000058;Accepted;
Leibniz-WissenschaftsCampi 2019;;;;Digitizing Scholarly Communication;;;;C. DSDL;;Rejected;
Leibniz-Gemeinschaft;Strategiefonds-2019-IDS-Publikationsfonds Monographien;Strategiefonds;Strategiefonds;Open-Access-Publikationsfonds für Monographien der Leibniz-Gemeinschaft 2019/2020;;01.01.2019;31.12.2020;B. PD;54000003;Accepted;
MWK;MWK/Uni Göttingen: 6128/2017079 TIB;Förderung der Wissenschaftlichen Bibliotheken im Land Niedersachsen im Haushaltsjahr 2018;;Niedersachsenkonsortium zur Sicherung der Informationsversorgung;;01.08.2018;31.07.2019;A. Ref. L;59000025;Accepted;
VW Stiftung;;Experiment! - In search of bold research ideas;Pythia;;;;;C. SDM;;Rejected;
VW Stiftung;;Artificial Intelligence and the Society of the Future;SmartSkills;AI Driven, Dynamic Skill and Task Reallocation for Optimal Human-Machine Collaboration in Industry 4.0 ;;;;C. SDM;;Rejected;
EU;;EC DG EAC Call for European Education and Training Expert Panel;;;;;;C. DSDL;;Rejected;
VW Stiftung;;Experiment!;SemResData;Semantic research data: A science FAIRytale;;;;C. DSDL;;Rejected;
DFG;EW 134/9-1;Normalverfahren;Mono3D;Weakly Supervised Learning for Depth Estimation in Monocular Images;;01.10.2019;30.09.2021;C. VA;20190009;Accepted;
EU;;H2020 SU-DRS02-2018-2019-2020;DETECT;Technologies for first responders;;;;C. SDM;;Rejected;
Leibniz Forschungsverbund Science 2.0: Interne Ausschreibung für Projekte und Veranstaltungen;;Interne Ausschreibung für Projekte und Veranstaltungen;;Kompetenzmonitor OpenBiblioJobs;;;;C. OSL;;Rejected;
Leibniz Forschungsverbund Science 2.0: Interne Ausschreibung für Projekte und Veranstaltungen;;Interne Ausschreibung für Projekte und Veranstaltungen;;Arbeitspraktiken unter Nachwuchswissenschaftlern in der Bildungsforschung – eine Untersuchung von Einflussfaktoren in Forschungsgemeinschaften;;01.12.2018;31.05.2020;C. OSL;54000005;Accepted;
BMBF;;Kurationskriterien und Qualitätsstandards von Forschungsdaten;KuWork;Evaluierung, Optimierung und Modellierung von Kuratierungsworkflows für nachnutzbare Forschungsdaten;;;;A. W-Dienst;;Rejected;
BMBF;;Kurationskriterien und Qualitätsstandards von Forschungsdaten;ChemCure;Entwicklung und Anwendung von Methoden zur systematischen inhaltlichen und formalen Kuration chemischer Daten;;;;C. DSDL;;Rejected;
BMBF;16QK11B;Kuratierung FD;STREAM;Semantische Repräsentation, Vernetzung und Kuratierung von qualitätsgesicherten Materialdaten;;01.08.2019;31.07.2022;C. DSDL;53000012;Accepted;
BMBF;;Entwicklung und Erprobung von Kurationskriterien und Qualitätsstandards von Forschungsdaten;Regen-Dat;Regenwasserverschmutzungs- und Verfahrenskennzahlen qualitätsgesichert erheben und nutzen;;;;A. Ref. L;;Rejected;
BMBF;16QK02D;Kuratierung FD;AtMoDat;Atmosphären-Modelldaten: Datenqualität, Kurationskriterien und DOI-Branding;;01.06.2019;31.05.2022;C. NTM;53000011;Accepted;ja
EU;;H2020 MSCA-IF-EF-SE-2018 Individual Fellowships;AITutor;Society and Enterprise panel;;;;C. DSDL;;Rejected;
DFG;;"SPP ""Das digitale Bild""";NARRAR;NARRativity in visual ARts (NARRAR): Towards understanding visual and multimodal narratives in single and sequential images using a novel stylometry;;;;C. VA;;Rejected;
MWK;14-55 026-2019;;Sammlung Haupt;Restaurierung und Konservierung des Buchbestandes der Sammlung Albrecht Haupt ;;01.01.2019;31.12.2019;A. BuL;56000012;Accepted;
MWK;51.10;Innovation Plus;MOVE&MINT;MOVE&MINT;;01.01.2019;31.07.2021;C. NTM;59000027;Accepted;
MWK;51.10;Innovation Plus;;Carpentries-Workshops & Instructor Training für LSE;;01.03.2019;29.02.2020;C. NTM;59000026;Accepted;
EU;;H2020 SC1-BHC-22-2019;WorkCare;Mental health in the workplace;;;;C. DSDL;;Rejected;
EU;;EC DG RTD Call for Executive Board of the European Open Science Cloud (EOSC);;;;;;C. DSDL;;Rejected;
Stadt Hamburg;;IT-Globalfonds 2020;;Softwarebasierte Erfassung von Metadaten der digitalisierten Bildbestände des Archäologischen Museums Hamburg und Stadtmuseums Harburg;;;;C. VA;;Rejected;
BMBF;;Digitale Medien in der beruflichen Bildung in den Gsundheitsberufen;MeTIK-Nursing-Fed;Mensch-Technik-Interaktion in der pflegerischen Fort- und Weiterbildung - digital vermittelt;;;;C. NTM;;Rejected;
BMBF;;DigiMed;Digi2Care;Entwicklung einer arbeitsprozess-integrierten Lernanwendung zur Unterstützung fachlichen und sprachlichen Kompetenzaufbaus durch den Einsatz von Augmented Reality und Künstlicher Intelligenz in der Pflege;;;;C. VA;;Rejected;
VW Stiftung;;Big Data in den Lebenswissenschaften der Zukunft;ComputOMICS;A computational platform for assessing human pluripotent stem cells and their derivatives based on (multi-)OMICS data;;;;C. DSDL;;Rejected;
TwinCore;FKZ VN3438;Big Data in den Lebenswissenschaften der Zukunft;ImProVIT;"Transforming big data into knowledge: for deep immunoprofiling
in vaccination, infectious diseases, and transplantation";;01.10.2019;31.08.2023;C. SDM;59000028;Accepted;Ja
BMG;ZMVI1-2518FEP003;Bundesministeriums für Gesundheit ;;"Open-Access Lehrbuch ""Öffentliche Gesundheit"" (Unterauftrag)";;01.12.2018;31.12.2019;C. OSL;53000010;Accepted;ja
EU;;H2020 ICT-11-2018-2019;BRAVO;BRinging Autonomous behaViour to large-scale Big Data-Driven Smart COnnected Services Testbeds;;;;C. DSDL;;Rejected;
DFG;SE 1827/15-1;LIS - Erschließung und Digitalisierung;GESAH;"Digitalisierung und fachliche Erschließung der Grafischen
Einzelblätter der Sammlung des Architekten Albrecht Haupt ";;21.06.2019;20.06.2022;A. W-Dienst;51000061;Accepted;Ja
DFG;SE 1827/15-1;LIS - Erschließung und Digitalisierung;GESAH;"Digitalisierung und fachliche Erschließung der Grafischen
Einzelblätter der Sammlung des Architekten Albrecht Haupt ";;21.06.2019;20.06.2022;C. OSL;51000061;Accepted;Ja
DFG;;DFG SFB 1153/2, Teilprojekt INF ;Forschungsdatenmanagement Tailored Forming;Vokabularorientiertes Forschungsdatenmanagement für Prozessketten der Tailored-Forming-Technologie;https://www.sfb1153.uni-hannover.de;01.07.2019;30.06.2023;C. DSDL;59000029;Accepted;
DFG;SE 1827/16-1;"DFG LIS ""E-Publikationen und dig. Wiss.-Kommunikation""";ConfIDent;ConfIDent-A reliable platform for scientific events;;01.12.2019;30.11.2022;C. NTM;51000062;Accepted;
DFG;SE 1827/16-1;"DFG LIS ""E-Publikationen und dig. Wiss.-Kommunikation""";ConfIDent;ConfIDent-A reliable platform for scientific events;;01.12.2019;30.11.2022;A. Ref. PM;51000062;Accepted;
DFG;SE 1827/16-1;"DFG LIS ""E-Publikationen und dig. Wiss.-Kommunikation""";ConfIDent;ConfIDent-A reliable platform for scientific events;https://projects.tib.eu/confident/;01.12.2019;30.11.2022;C. OSL;51000062;Accepted;ja
MWK;;Promotionsprogramm;LernMINT;LernMINT - Datengestützter Unterricht in den MINT-Fächern;;01.01.2020;31.12.2023;C. VA;20200014;Accepted;
MWK;;Promotionsprogramm;;Verantwortungsvolle KI in der digitalen Gesellschaft;;01.01.2020;31.12.2023;C. VA;20200015;Accepted;
BMBF;;"Forschung zur digitalen Hochschulbildung
- Disziplin- und fachbezogene digitale Hochschulbildung - ";X-Sprints;"X LAB Notebooks -
X-Sprints in der Hochschullehre in Architektur und Ingenieurwesen für 3D-Daten in Jupyter Notebooks";;;;C. OSL;;Rejected;
BMBF;;"Forschung zur digitalen Hochschulbildung
- Disziplin- und fachbezogene digitale Hochschulbildung - ";dOClab;Digitales organisch-chemisches Laborpraktikum;;;;C. DSDL;;Rejected;
BMBF;;"Forschung zur digitalen Hochschulbildung
- Disziplin- und fachbezogene digitale Hochschulbildung - ";Data2MINT;Datengestützte und fachbezogene Gestaltung, Implementation und Evaluation mathematisch-naturwissenschaftlicher Hochschulbildung;;;;C. VA;;Rejected;
BMBF;;"Forschung zur digitalen Hochschulbildung
- Disziplin- und fachbezogene digitale Hochschulbildung - ";AdLearn;Learning Analytics und adaptive Lernpfade für eine individuelle Programmierkompetenzvermittlung - AdLearn;;;;C. DSDL;;Rejected;
VW Stiftung;;Geistes-und-Kulturwissenschaften-digital;SYNTHETHICS;Knowledge Graph-Technologien als digitale Unterstützung der Synthese ethischen Wissens durch systematische Übersichtsarbeiten;;;;C. SDM;;Rejected;
EU;;H2020 MSCA-ITN-2019 Innovative Training Networks;NIOBE;Data Science for Big Earth Observation Data;;;;C. SDM;;Rejected;
EU;;H2020 MSCA-ITN-2019 Innovative Training Networks;LATITUDE;;;;;C. DSDL;;Rejected;
VW Stiftung;;Geistes-und-Kulturwissenschaften-digital;InVernO;Intentionales Vergessen in Gedächtnisorganisationen;;;;A. BuL;;Rejected;
VW Stiftung;;Geistes-und-Kulturwissenschaften-digital;ETHNAR;Narrativität in ethnographischen Filmen;;;;C. VA;;Rejected;
VW Stiftung;;;ETHNAR;Narrativität in ethnographischen Filmen;;;;C. NTM;;Rejected;
VW Stiftung;;Geistes-und-Kulturwissenschaften-digital;ArTEFACt;Analysis and Transformation of Scientific Film Archives;https://www.volkswagenstiftung.de/unsere-foerderung/unser-foerderangebot-im-ueberblick/nieders%C3%A4chsisches-vorab-geistes-und-kulturwissenschaften-digital;;;A. BuL;;Rejected;
VW Stiftung;;Geistes-und-Kulturwissenschaften-digital;;Konzeptuelles Verstehen digital modellieren und unterstützen;;;;C. VA;;Rejected;
VW Stiftung;;Geistes-und-Kulturwissenschaften-digital;;Reiseberichte im Zeitalter der Aufklärung;;;;C. DSDL;;Rejected;
EU;;H2020 MSCA-ITN-2019 Innovative Training Networks;NoBIAS;Artificial Intelligence without BIAS;;01.01.2020;31.12.2023;C. SDM;20190010;Accepted;Ja
EU;;H2020 FETOPEN-01-2018-2019-2020 FET-Open Challenging Current Thinking;SmartSkills;;;;;C. DSDL;;Rejected;
EU;;H2020 FETOPEN-01-2018-2019-2020 FET-Open Challenging Current Thinking;ORKG;Open Research Knowledge Graph;;;;C. SDM;;Rejected;
EU;;INFRAEOSC-02-2019 Prototyping New Innovative Services;VRE4EOSC;A Virtual Research Environment for the European Open Science Cloud;;;;C. DSDL;;Rejected;
EU;;INFRAEOSC-02-2019 Prototyping New Innovative Services;KOINE;Interdisciplinary data interoperability, discovery and exploitation in the EOSC;;;;C. DSDL;;Rejected;
BMBF;16IFI101;Weiterentwicklung der Indikatorik für Forschung und Innovation;TrenDTF;Aufbereitung und Analyse der Deutschen Forschungsberichte zur Indikatorik von Forschungsaktualität und -trends ;https://projects.tib.eu/trendtf/;01.10.2019;30.09.2022;C. OSL;53000013;Accepted;ja
Leibniz-Gemeinschaft;Strategiefonds-2019-TIB-Publikationsfonds;Strategiefonds;Open Access Publikationsfonds III 2019 ;Open-Access-Publikationsfonds der Leibniz-Gemeinschaft (Zeitschriften) 2019-2021;;01.04.2019;31.03.2021;B. PD;54000004;Accepted;
G-BA;;https://innovationsfonds.g-ba.de/versorgungsforschung/foerderbekanntmachung-versorgungsforschung-zum-themenspezifischen-bereich.20;MIGA;MIGA: Predicting long-term mortality in ICU medicine - Big Data for Quality Improvement;;01.01.2020;31.12.2022;C. SDM;;Rejected;
DFG;;UK-German Funding Initiative in the Humanities (Sachbeihilfe);X-Sketchbook;The change of architectural design practice with the digital turn and the sketchbook of the future;;;;C. OSL;;Rejected;
DFG;;LIS - Infrastruktur für elektr. Publikationen und dig. Wiss. Komm. ;OLS;Open Library of Science;;;;B. PD;;Rejected;
BMBF;;"BMBF-Forschungsmarketingkampagne ""The Future of Work"" ";BRIDGE-US;Big data made in Germany inspiriting the US (TIB als Unterauftragnehmer);;01.06.2019;31.05.2021;C. DSDL;;Accepted;Ja
BMG;ZMVI1-2520FSB001;https://www.bmbf.de/foerderungen/bekanntmachung-2253.html;P4-LUCAT;Personalised Medicine: Multidisciplinary Research Towards Implementation;;01.04.2020;31.12.2023;C. SDM;53000015;Accepted;Ja
DFG;SE 1827/18-1;DFG LIS;ORCID DE 2;Konsolidierung der ORCID-Informationsstruktur in Deutschland;;01.01.2020;30.06.2023;A. Ref. PM;51000063;Accepted;
BMBF;01DK20080;Wissenschaftlich-Technische Zusammenarbeit mit der Ukraine;FAIRIO;FAIRe Forschungsinformationen in Offenen Infrastrukturen;https://projects.tib.eu/fairio/;01.05.2020;30.04.2021;C. OSL;53000017;Accepted;ja
BMBF;;https://www.bmbf.de/foerderungen/bekanntmachung-2157.html;DiGaL;Digitale Kompetenz durch Game-based Learning - DiGaL;;01.01.2020;31.12.2022;C. NTM;;Rejected;
EU;2019-1-DE01-KA203-005052;ERASMUS+ Key Action 204 Higher Education;OEduverse;Enhancing Professionalization of European Graduate Students Through Open Science, Communication and Mental Health Skills Training;;01.01.2020;30.06.2021;C. DSDL;57000010;Accepted;
EU;2019-1-HR01-KA203-060984;ERASMUS+ Key Action 204 Higher Education;ADSEE;Applied Data Science Educational System;;01.01.2020;30.06.2021;C. DSDL;57000011;Accepted;
EU;;ERASMUS+ Key Action 203 School Education;HELDI;Hand-holding Educators in eLearning Design and Implementation;;;;C. DSDL;;Rejected;
EU;;ERASMUS+ Key Action 201 School Education;Fairy Science;Fairy Science;;;;C. DSDL;;Rejected;
DFG;;http://www.dfg.de/en/dfg_profile/international_cooperation/international_context/partner_organisations/france/anr_nle/;KnowMore;;;;;C. SDM;;Rejected;
EU;;ICT-13-2018-2019 Supporting the Emergence of Data Markets and the Data Economy;TRUSTS;Trusted Secure Data Sharing Space;;01.01.2020;31.12.2022;C. DSDL;20190011;Accepted;
EU;;ICT-15-2019-2020 Cloud Computing;FogShield;Federated Security in the Fog;;;;C. DSDL;;Rejected;
BMBF;DAAD;"DAAD-Programm
„Internationale Mobilität und Kooperation digital";InterLINKS digital;International Lernen In Netzwerken - Kompetenzen stärken digital;;;;C. DSDL;;Rejected;
EU;872592;DT-ICT-11-2019 Big Data Solutions for Energy;PLATOON;Digital PLAtform and analytic TOOls for eNergy;;01.01.2020;31.12.2022;C. SDM;57000009;Accepted;Ja
Leibniz-Gemeinschaft;;https://www.leibniz-gemeinschaft.de/ueber-uns/leibniz-wettbewerb/leibniz-wettbewerb-2020/ ;DiASPora;Digital Approaches for the Synthesis of Poorly Accessible Biodiversity Information (BacDive & Semantics);;01.05.2020;30.04.2023;C. NTM;59000030;Accepted;Ja
EU;875160;SC1-DTH-01-2019 Big data and Artificial Intelligence for monitoring health status and quality of life after the cancer treatment;CLARIFY;Cancer Long Survivors Artificial Intelligence Follow Up;;01.01.2020;30.06.2023;C. SDM;57000008;Accepted;Ja
DFG;;DFG SFB 1368, Teilprojekt INF ;;Sauerstofffreie Produktion;;01.01.2020;31.12.2023;C. DSDL;20200017;Accepted;
DFG;SE 1827/19-1;"DFG LIS ""Fachinformationsdienste für die Wissenschaft""";FID Baudigital;FID Bauingenieurwesen, Architektur und Urbanistik digital;;01.07.2020;30.06.2023;C. E;51000064;Accepted;Ja
DFG;SE 1827/19-1;"DFG LIS ""Fachinformationsdienste für die Wissenschaft""";FID Baudigital;FID Bauingenieurwesen, Architektur und Urbanistik digital;;01.07.2020;30.06.2023;A. W-Dienst;51000064;Accepted;Ja
DFG;SE 1827/19-1;"DFG LIS ""Fachinformationsdienste für die Wissenschaft""";FID Baudigital;FID Bauingenieurwesen, Architektur und Urbanistik digital;;01.07.2020;30.06.2023;C. E;51000064;Accepted;Ja
DFG;SE 1827/19-1;"DFG LIS ""Fachinformationsdienste für die Wissenschaft""";FID Baudigital;FID Bauingenieurwesen, Architektur und Urbanistik digital;;01.07.2020;30.06.2023;C. E;51000064;Accepted;Ja
EU;;NGI_TRUST_Open_call_#1_2019;SoveRIS;Self-sovereign identity in research information systems;;;;C. OSL;;Rejected;
DFG;SE 1827/3-2;"DFG LIS ""Überregionale Lizensierung""; Allianz Lizenz Antragsrunde 2020";Scientific.Net;Erwerb von Allianz-Lizenzen an der TIB: Scientific.Net: Materials Science and Engineering/Trans Tech Publications (Fortsetzungsantrag);;01.01.2020;31.12.2022;A. Ref. L;51000065;Accepted;
Leibniz-Gemeinschaft;;Leibniz-Wettbewerb-2020:  Leibniz-Transfer;LeiCord;Leibniz Conference Recording Service;;;;C. NTM;;Rejected;
EU;;NGI_Ledger_Open_Call_Human_Centric_Innovators;ISCC;Democratization of content-identification and fingerprinting technologies;;;;C. OSL;;Rejected;
DFG;SE 1827/19-1;"DFG LIS ""Fachinformationsdienste für die Wissenschaft""";FID Baudigital;FID Bauingenieurwesen, Architektur und Urbanistik digital;;01.07.2020;30.06.2023;A. W-Dienst;51000064;Accepted;Ja
DFG;SE 1827/19-1;"DFG LIS ""Fachinformationsdienste für die Wissenschaft""";FID Baudigital;FID Bauingenieurwesen, Architektur und Urbanistik digital;;01.07.2020;30.06.2023;C. E;51000064;Accepted;Ja
DFG;SE 1827/19-1;"DFG LIS ""Fachinformationsdienste für die Wissenschaft""";FID Baudigital;FID Bauingenieurwesen, Architektur und Urbanistik digital;;01.07.2020;30.06.2023;C. OSL;51000064;Accepted;Ja
Leibniz-Gemeinschaft;;Leibniz-Wettbewerb-2020:  Leibniz Best Minds: Junior Research Groups;COMPASS;Investigating learner self-reflection and goal directed achievement through customized, dynamic and labour market oriented learning trajectories;;;;C. DSDL;;Rejected;
DFG;SE 1827/19-1;"DFG LIS ""Fachinformationsdienste für die Wissenschaft""";FID Baudigital;FID Bauingenieurwesen, Architektur und Urbanistik digital;;01.07.2020;30.06.2023;C. VA;51000064;Accepted;Ja
EU;;ECSEL-RIA-2019-2-Special-Topic-2;BRAINE;Big data pRocessing and Artificial Intelligence at the Network Edge;;01.04.2020;30.03.2023;C. DSDL;20190012;Accepted;
EU;2019-EU-IA-0022;CEF-TC-2019-1 Europeana;EuropeanaXX;EuropeanaXX: Century of Change;;01.03.2020;30.11.2021;C. NTM;57000012;Accepted;Ja
MWK;27-040 32 / 83-1;;OER - Portal Niedersachsen;Open Educational Ressources (OER) - Portal Niedersachsen;;01.08.2019;31.07.2023;C. E;56000013;Accepted;
MWK;27-040 32 / 83-1;;OER - Portal Niedersachsen;Open Educational Ressources (OER) - Portal Niedersachsen;;01.08.2019;31.07.2023;C. NTM;56000013;Accepted;Ja
BMBF;;Anwendung von Methoden der Künstlichen Intelligenz in der Praxis;ALMA;ALMA: Autonomes Lernen zur Medien-Analyse;;01.01.2020;31.12.2021;C. VA;;Rejected;
BMBF;;Anwendung von Methoden der Künstlichen Intelligenz in der Praxis;ALMA;ALMA: Autonomes Lernen zur Medien-Analyse;;01.01.2020;31.12.2021;C. NTM;;Rejected;
BMBF;;Anwendung von Methoden der Künstlichen Intelligenz in der Praxis;MM4SPA;MM4SPA:  Multimodale Analyse für Sports Analytics;;01.08.2020;31.07.2022;C. VA;20200016;Accepted;
Wellcome Trust;;Open Research Fund;;Open Research Knowledge Graph for the Web Editor Software Community;;;;C. OSL;;Rejected;
VW Stiftung;;Experiment! – Auf der Suche nach gewagten Forschungsideen;PredictME;PredictME: A New Era of HealthCare with the Support of Knowledge-driven Medicine;;;;C. SDM;;Rejected;
BMBF;;kein (nach Aufforderung);;Entwicklung und Implementierung einer Forschungsfeldklassifikation im Rahmen des KDSF;;;;C. OSL;;Rejected;
BMBF;;https://www.technik-zum-menschen-bringen.de/foerderung/bekanntmachungen/meki;EDDI;Erschließen technischer und wissenschaftlicher Daten durch Domänenexperten und KI;;;;C. DSDL;;Rejected;
VW Stiftung;;Künstliche Intelligenz – Ihre Auswirkungen auf die Gesellschaft von morgen;;Creating a common ground: Exploring pathways to interdisciplinary research on AI for meaningful learning in biology education;;01.04.2020;31.03.2021;C. VA;;Rejected;
BMBF;01PH20001A;Qualitätsentwicklungen in der Wissenschaft: Untersuchungen zur Meso-Ebene;TAPIR;TeilAutomatisiertes Persistent-Identifier-basiertes Reporting;https://projects.tib.eu/tapir;01.08.2020;31.12.2022;C. OSL;53000016;Accepted;ja
DFG;;LIS - Infrastruktur für elektr. Publikationen und dig. Wiss. Komm. ;KORI;Knowledge Graph of Research Illustrations ;;;;C. OSL;;Rejected;
DFG;;LIS - Infrastruktur für elektr. Publikationen und dig. Wiss. Komm. ;KORI;Knowledge Graph of Research Illustrations ;;;;C. VA;;Rejected;
BMBF;;https://www.bmbf.de/foerderungen/bekanntmachung-2448.html;DENC;Digitalisierung Encyclopaedia Cinematographica;;01.01.2020;31.12.2021;A. BuL;;Rejected;
EU;;H2020 INNOSUP-07-2019 European Open Innovation Network in Advanced Technologies;EOIH;European Open Innovation Hub;;;;C. DSDL;;Rejected;
BMG;;Smarte Datennutzung;SmartInCirrhosis;Smarte Datennutzung/Framework zur Optimierung der Behandlungsicherheit- und -qualität von PatientInnen mit dekompensierter Leberzirrhose;;;;C. SDM;;Rejected;
BMG;;Smarte Datennutzung;FluGraph;Nutzung von Wissensgraphen zur Identifizierung von Risikoprofilen,  prädiktiven Scores und Biomarkern für ein Versagen der Grippeimpfung bei Senioren;;;;C. SDM;;Rejected;
BMG;;Smarte Datennutzung;BESS;Big Data-basiertes Entscheidungsunterstützungs System für die Schlaganfallsekundärprophylaxe;;;;C. SDM;;Rejected;
Chan Zuckerberg Initiative;;Request for Applications: Essential Open Source Software for Science;;"Knowledge Graphs of Open Peer Review in Big Data AI
& Personalised Medicine";;;;C. OSL;;Rejected;
Bundeskulturstiftung;;;Coding da Vinci (Niedersachsen);Coding da Vinci Niedersachsen 2020;;01.04.2020;31.01.2021;C. OSL;59000031;Accepted;
DFG;AU 340/17-1 ;LIS / e-Research Technologies;LDM-Explore;"Leibniz Data Manager -
A tool to search and explore digital artefacts across different
repositories and evaluate their potential for re-use";;02.08.2020;01.08.2022;C. NTM;51000066;Accepted;Ja
DFG;VI 1050/3-1;LIS / e-Research Technologies;LDM-Explore;"Leibniz Data Manager -
A tool to search and explore digital artefacts across different
repositories and evaluate their potential for re-use";;02.08.2020;01.08.2022;C. SDM;51000067;Accepted;ja
EU;CA19117;COST COLLECTION OC-2019-1;ReMO;Researcher Mental Health Observatory;;01.10.2020;30.09.2024;C. DSDL;57000016;Accepted;
Leibniz-Gemeinschaft;;Leibniz-WissenschaftsCampi;TrustAl;Responsible Artificial Intelligence ;;01.04.2020;31.03.2024;C. DSDL;;Rejected;
BMBF;16KUV004;Kompetenz- und Vernetzungsplattform im Bereich Open Access;open-access-network;"open-access.network - Kompetenz- und Vernetzungsplattform im Bereich Open Access; Teilvorhaben: Materialien – Online-Fortbildung – Foren – Analysen";;01.12.2019;30.11.2022;B. PD;53000014;Accepted;
Bundeskulturstiftung;;;Coding da Vinci (Niedersachsen);Coding da Vinci Niedersachsen 2020;https://codingdavinci.de/events/niedersachsen/;01.05.2020;31.01.2021;C. OSL;53000020;Accepted;ja
EU;;RTD/2019/OP/006: Open Research Europe;AAFF - Open Research Europe;;;;;B. PD;;Rejected;
EU;;H2020-MSCA-IF-2019;SciDoc2KG;Extracting Semantics from Scientific Documents into a Knowledge Graph;;;;C. DSDL;;Rejected;
MWK;14-55 026-2020;;Sammlung Haupt;Restaurierungs- und Konservierungsmaßnahmen im Buch- und Graphikbestand der Sammlung Albrecht Haupt ;;01.01.2020;31.12.2020;A. BuL;56000014;Accepted;
DFG;;DFG Nationale Forschungsdateninfratruktur (NDFI) ;NFDI4Chem;Chemistry Consortium in the NFDI;;01.10.2020;30.09.2025;C. DSDL;51000069;Accepted;ja
DFG;;DFG Nationale Forschungsdateninfratruktur (NDFI) ;NFDI4Ing;Nationale Forschungsdateninfrastruktur für die Ingenieurwissenschaften;;01.10.2020;30.09.2025;C. NTM;51000068;Accepted;
DFG;;DFG Nationale Forschungsdateninfratruktur (NDFI) ;NFDI4Ing;Nationale Forschungsdateninfrastruktur für die Ingenieurwissenschaften;;01.10.2020;30.09.2025;C. DSDL;51000068;Accepted;
DFG;;DFG Nationale Forschungsdateninfratruktur (NDFI) ;NFDI4Ing;Nationale Forschungsdateninfrastruktur für die Ingenieurwissenschaften;;01.10.2020;30.09.2025;A. W-Dienst;51000068;Accepted;
DFG;;DFG Nationale Forschungsdateninfratruktur (NDFI) ;NFDI4Culture;Nationale Forschungsdateninfrastruktur for Culture;https://nfdi4culture.de/;01.10.2020;30.09.2025;C. OSL;51000070;Accepted;ja
DFG;;DFG Nationale Forschungsdateninfratruktur (NDFI) ;PAHN PaN;;;;;;;Rejected;
DFG;;"DFG Schwerpunktprogramm ""Digitalisierung der Arbeitswelten""";DynaJob;DynaJob - Job analysis and job decomposition for human-machine working environments;;;;C. DSDL;;Rejected;
EU;;ERC-2020-STG;RESILIENT;Redesign Lifelong Learning through Individual, Dynamic and Labour Market Oriented Learning Trajectories;;;;C. DSDL;;Rejected;
VW Stiftung;;www.volkswagenstiftung.de/unsere-foerderung/unser-foerderangebot-im-ueberblick/kuenstliche-intelligenz-ihre-auswirkungen-auf-die-gesellschaft-von-morgen;RESPECT;Respecting Heterogeneity: Potential and Risks of Artificial Intelligence in Classroom Practice;;01.01.2021;31.12.2024;C. VA;;Rejected;
DFG;EW 134/12-1;LIS E-Research;TIBAVA;"""TIB AV Analytics“ - Entwicklung einer Softwareplattform für die systematische Film- und Videoanalyse";;01.10.2020;30.09.2023;C. NTM;51000071;Accepted;
DFG;EW 134/12-1;LIS E-Research;TIBAVA;"""TIB AV Analytics“ - Entwicklung einer Softwareplattform für die systematische Film- und Videoanalyse";;01.10.2020;30.09.2023;C. VA;51000072;Accepted;
EU;;Europeana Research Grants Programme 2019;Towards 3D Interoperability;Towards interoperability and sustainability in 3D datasets;;;;C. OSL;;Rejected;
EU;;Europeana Research Grants Programme 2019;;;;;;C. NTM;;Rejected;
EU;;Actionproject Open Call;;;;;;C. OSL;;Rejected;
EU;;INFRADEV-01-2019-2020 Design Studies;Nanoworld Maps;Nanoworld Maps;;;;C. OSL;;Rejected;
EU;;DT-ICT-05-2020 Big Data Innovation Hubs;DIAMOND;Data Intelligence Hubs for IncubAtion and ExperiMentation of EurOpean Circular EcoNomy Big Data Driven Value Networks;;;;C. DSDL;;Rejected;
EU;951962;DT-ICT-05-2020 Big Data Innovation Hubs;MediaFutures;MediaFutures, Data-driven innovation hub for the media value chain;;01.09.2020;31.08.2023;C. DSDL;20200013;Accepted;
BMBF;;Zukunftscluster-Initiative;Zero Waste Production Hannover;Zero Waste Production Hannover;;;;C. E;;Rejected;
MWK;15-76251-1-19/19;Europa-Programm des MWK / Niedersächsisches Vorab;;Digitisation of Cultural Heritage and its innovative Usage;;10.12.2019;31.03.2020;C. NTM;20190006;Accepted;
BMBF;;https://www.bmbf.de/foerderungen/bekanntmachung-2475.html;SoveRIs;Self-Sovereign Identity in Research Infrastructure;;;;C. OSL;;Rejected;
EU;;DT-NMBP-40-2020 Creating an open market place for industrial data (RIA) ;Emporia;Federated Marketplace for Industrial Data;;;;C. DSDL;;Rejected;
MWK;;Pro*Niedersachsen – Kulturelles Erbe – Sammlungen und Objekte;;Orte des Gestapoterrors im heutigen Niedersachsen;;01.10.2020;30.09.2022;C. OSL;56000017;Accepted;ja
MWK;;Pro*Niedersachsen – Kulturelles Erbe – Sammlungen und Objekte;FEIGE;FEIGE - Erforschung und Erschließung der Fotografischen Sammlung zum ehemaligen IWF-Gebäude;;01.10.2020;30.09.2022;C. NTM;;Rejected;
BMBF;01IO2002B ;Innovationsorientierung und Transfer;TextTransfer II;TextTransfer II - Methode zur korpusgestützten Prognose von Impactmustern in wissenschaftlichen Texten - Telvorhaben Implementierung und Praxis im Anwendungsfall Bibliothekswesen ;;01.06.2020;31.05.2023;C. OSL;53000018;Accepted;ja
BMBF;01IO2004A;Innovationsorientierung und Transfer;ExpResViP;Verwertung von Forschungsergebnissen durch visuelles Patentretrieval;;01.08.2020;31.07.2023;C. VA;53000019;Accepted;Ja
BMBF;01IO2004A;Innovationsorientierung und Transfer;ExpResViP;Verwertung von Forschungsergebnissen durch visuelles Patentretrieval;;01.08.2020;31.07.2023;C. NTM;53000019;Accepted;Ja
BMBF;;Nachwuchsforschungsgruppen in der empirischen Bildungsforschung;GoLLQ;Governance von Lehre und ihr Einfluss auf Lehrqualität (GoLLQ);;;;C. DSDL;;Rejected;
EU;;MSCA-ITN-2020 Innovative Training Networks;SmartSkills;AI Driven, Dynamic Job Reconfiguration for Optimal Human-Machine Collaboration in Industry 4.0;;;;C. DSDL;;Rejected;
EU;;MSCA-ITN-2020 Innovative Training Networks;LATITUDE;Leadership development in ArTificial Intelligence To Understand and Drive 21st century Education;;;;C. DSDL;;Rejected;
EU;0435b619851e427f2f1ebfad;LedgerProject 2nd Open Call;ConDidi;Full lifecycle decentralized Conference participant management;https://projects.tib.eu/condidi/;15.09.2020;14.09.2021;C. OSL;57000013;Accepted;ja
BMBF;;Digitalisierung der Materialforschung in Deutschland – MaterialDigital;ONTOFLOW;Ontologische Verarbeitung Workflow-basierter materialwissenschaftlicher Simulationsdaten;;;;C. DSDL;;Rejected;
BMBF;13XP5126B;Digitalisierung der Materialforschung in Deutschland – MaterialDigital;DIGITRUBBER;DIGITALE KAUTSCHUKVERABEITUNG - Am Beispiel Extrusion - Teilvorhaben TIB: Ontologie und semantische Methoden für Kautschukextrusion;;01.04.2021;31.03.2024;C. DSDL;53000027;Accepted;
BMBF;;Digitalisierung der Materialforschung in Deutschland – MaterialDigital;DigiPEM;Digitalisierung der Protonenaustausch-Membransynthese für die Wasserelektrolyse;;;;C. DSDL;;Rejected;
BMBF;;Digitalisierung der Materialforschung in Deutschland – MaterialDigital;DiAl-MMC;Digitale Aluminium-basierte Metal-Matrix Composites;;;;C. NTM;;Rejected;
BMBF;;Digitalisierung der Materialforschung in Deutschland – MaterialDigital;Bio2Bit;Digitalisierung Biokunstoffforschung - anwendungsorientierte Betrachtung von experimentellen und Simulationsdaten in Spritzgießverfahren;;;;C. DSDL;;Rejected;
EU;;DT-NMBP-39-2020 Towards Standardised Documentation of Data through taxonomies and ontologies (CSA);Stentorian;STandardisEd oNTologies fOR Industrial cooperAtioN;;;;C. DSDL;;Rejected;
EU;;ERC-2020-COG European Research Council Consolidator Grant;SIMM;Subjective Interpretation of Multimodal Information;;;;C. VA;;Rejected;nein
BMBF;;"Wettbewerb innerhalb des Projektes ""KI-Campus – Die Lernplattform für Künstliche Intelligenz""";;Micro-Degree: AI-Consultant;;01.07.2020;30.06.2021;C. DSDL;;Rejected;
VW Stiftung;;Niedersächsisches Vorab: Die digitale Gesellschaft;;On the Road to Open Science: Opportunities and Challenges;;01.01.2021;31.12.2023;C. NTM;;Rejected;
VW Stiftung;;Niedersächsisches Vorab: Die digitale Gesellschaft;;The Digitization of the Workplace and ist Effects on the Governance of Higher Education;;01.01.2021;31.12.2023;C. DSDL;;Rejected;
Leibniz-Gemeinschaft;;Leibniz-Forschungsverbünde 2021;;Leibniz Research Alliance Open Science;;;;C. OSL;;Rejected;
EU;;Enhancing Access and Uptake of Education to Reverse Inequalities (RIA) Transformations-22-2020;PRIDE;PeRsonalized Inclusive Digital Education;;;;C. DSDL;;Rejected;
VW Stiftung;;Originalitätsverdacht? Förderlinie 2_Konstellationen;;Science and Film Studies: Wissen im Bewegtbild;;;;C. NTM;;Rejected;Ja
EU;;Enhancing Access and Uptake of Education to Reverse Inequalities (RIA) Transformations-22-2020;Skim AI;Skill Matching based on Artificial Intelligence;;;;C. DSDL;;Rejected;
EU;;Leverhulme Doctoral Fellowships;Knowledge4HUBRIS;Power and Hubris - Investigating the relationship between power, behavior and hubris;https://www.leverhulme.ac.uk/;01.02.2021;31.01.2024;C. SDM;;Accepted;
MWK;27 – 04032 / 83 – 1 (2020);2. Säule_Teil 1;OER - Portal Niedersachsen;Open Educational Ressources (OER) - Portal Niedersachsen;;01.04.2020;30.06.2023;C. NTM;56000015;Accepted;ja
MWK;27 – 04032 / 83 – 1 (2020);2. Säule_Teil 1;OER - Portal Niedersachsen;Open Educational Ressources (OER) - Portal Niedersachsen;;01.04.2020;30.06.2023;ZA. WuA;56000015;Accepted;
MWK;;2. Säule_Teil 2;OER - Portal Niedersachsen;Open Educational Ressources (OER) - Portal Niedersachsen;;01.09.2020;31.07.2023;C. NTM;56000016;Accepted;
Mozilla Fund;;Mozilla COVID-19 Solutions Fund;;Contact Tracing & Tracking - Rapid Collaborative Health Publishing;;;;C. OSL;;Rejected;
EU;2020-1-DE01-KA203-005713;ERASMUS+ Strategic Partnerships Knowledge Alliances ;OSCAR;Online, open learning recommendations and mentoring towards Sustainable research CAReers;;01.09.2020;30.08.2023;C. DSDL;57000015;Accepted;
Leibniz-Gemeinschaft;;Leibniz-Wettbewerb 2021;TrustKG;"Knowledge Graph based Semantic Integration, Representation, and
Curation of Scientific Data for Trustable and Interpretable
Knowledge Exploration and Discovery";;01.08.2021;31.07.2027;C. SDM;54000007;Accepted;
Leibniz-Gemeinschaft;;Leibniz-Wettbewerb 2021;SCHOKNEX;Scholarly Knowledge Exchange: An interoperability framework for greater efficiency of Open Science in agricultural sciences;;;;C. DSDL;;Rejected;
EU;;FSTP Pilot Projects Open Call 1;ELG4Cov19Schemas;Leveraging the European Language Grid for COVID19 Scholarly Contribution Schemas Semantified as the Open Research Knowledge Graph;;;;C. DSDL;;Rejected;
EU;101007312;ECSEL-2020-4-CSA Digital Excellence;SC3;Semantically Connected Semiconductor Supply Chains;;01.01.2021;31.12.2023;C. DSDL;57000014;Accepted;
BMBF;;Förderung von Forschungsprojekten mit Tunesien unter der Beteiligung von Wissenschaft und Wirtschaft (TUNGER 2+2);HEALTH4ALL;Public Health Knowledge and Technology Transfer 2+2;;01.01.2021;31.12.2022;C. OSL;;Rejected;
DFG;SE 1827/8-2;LIS / Überregionale Lizenzierung;;Erwerb von Allianz-Lizenzen an der TIB – DETAIL inspiration (Fortsetzung);;01.01.2021;31.12.2023;A. Ref. L;51000075;Accepted;
BMBF;;Digitale Hochschulbildung, Förderlinie 4, Skizzenphase;eVIDenz;Evidenz- und KI-basierte Aufbereitung, Erschließung und Empfehlung von Lehr-/Lernvideos;;01.04.2021;31.03.2024;C. VA;;Rejected;
DFG;SE 1827/21-1;LIS - Überregionale Lizenzierung, Ausschreibung Open-Access-Transformationsverträge;;SPIE Digital Library mit Open-Access-Transformation der Zeitschriften (Neuantrag);;01.01.2021;31.12.2023;A. Ref. L;;Rejected;
BMBF;;Digitale Hochschulbildung, Förderlinie 4, Skizzenphase;DynaJob;"Personalisierte, Dynamische Curriculum Entwicklung für Studenten in der Hochschulbildung, auf Basis von individuellen
Job- und Fertigkeitsambitionen";;01.10.2020;30.09.2023;C. DSDL;;Rejected;
DFG;SE 1827/10-2 ;DFG LIS - Fachinformationsdienste für die Wissenschaft;FID move (Fortsetzungsantrag);Fachinformationsdienst Mobilitäts- und Verkehrsforschung (FID move);;01.01.2021;31.03.2024;A. W-Dienst;51000073;Accepted;
DFG;SE 1827/22-1 ;DFG LIS - Fachinformationsdienste für die Wissenschaft;FID Materials Science;Fachinformationsdienst Materialwissenschaft und Werkstofftechnik - FID Materials Science;;01.06.2021;30.05.2024;A. W-Dienst;51000074;Accepted;
DFG;SE 1827/20-1;LIS / Überregionale Lizenzierung;;Erwerb von Allianz-Lizenzen an der TIB – The Royal Society London Journals (Neuantrag);;01.01.2021;31.12.2023;A. W-Dienst;;Rejected;
Robert Bosch Stiftung;;Wissenschaftskommunikation für die Gesellschaft: Corona und darüber hinaus;;Pilot Translation system for a Global Books Sprint on COVID-19 Tracking and Tracing;;;;C. OSL;;Rejected;
VW Stiftung;;Corona Crisis and Beyond – Perspectives for Science, Scholarship and Society;OnMedia;Online Mediatization of COVID-19 Scientific Results;;;;C. OSL;;Rejected;
EU;;SC1-DTH-12-2020 Use of Real-World Data to advance research on the management of complex chronic conditions;DRASSIS;;;;;C. SDM;;Rejected;
EU;;SC1-DTH-12-2020 Use of Real-World Data to advance research on the management of complex chronic conditions;ADAGIO;reAl worlD dAta to improve management of oncoloGy patients with chronIc cOndition;;;;C. SDM;;Rejected;
VW Stiftung;;Corona Crisis and Beyond – Perspectives for Science, Scholarship and Society;;Online Book Sprints for the Rapid Publishing of Training Textbooks and OER for COVID-19 Contact Tracing;;;;C. OSL;;Rejected;
VW Stiftung;;Corona Crisis and Beyond – Perspectives for Science, Scholarship and Society;;"Assessing Science-related Claims in Videos from Social Media using Research Knowledge
Graphs - A COVID-19 Showcase";;;;C. VA;;Rejected;
VW Stiftung;;Corona Crisis and Beyond – Perspectives for Science, Scholarship and Society;;Mining Tacit Professional Knowledge on Global Pandemics;;;;C. VA;;Rejected;
EU;;SC1-PHE-CORONAVIRUS-2020-2B Medical technologies, Digital tools and Artificial Intelligence (AI) analytics to improve surveillance and care at high Technology Readiness Levels (TRL) ;Knowledge4COVID-19;Knowledge-driven technologies for enhancing the understanding of COVID-19;;;;C. SDM;;Rejected;
EU;;SC1-DTH-02-2020 Personalised early risk prediction, prevention and intervention based on Artificial Intelligence and Big Data technologies;mFatigue;Mobile Technology for Personalized Early Risk Prediction, Prevention and Intervention Based on Objective Fatigue Assessment;;;;C. DSDL;;Rejected;
EU;;FETPROACT-EIC-07-2020_Future_and_Emerging_Technologies;SAIERA;Social Artificial Intelligence to Enable Rapid Adaptation;;;;C. DSDL;;Rejected;
BMBF;01PU17019;WiHo-Forschung - Quantitative Wissenschaftsforschung;ROSI II;Referenzimplementierung für offene szientometrische Informationen;;01.10.2020;30.09.2021;C. OSL;;Rejected;
BMBF;16TOA028A;Beschleunigung der Transformation zu Open Access;OPTIMETA;"Stärkung des Open-Access-Publikationssystems durch offene Zitationen und
raumzeitliche Metadaten";;01.02.2021;31.01.2023;C. OSL;53000021;Accepted;ja
BMBF;;Beschleunigung der Transformation zu Open Access;OAWIS;Open Access zu FAIR Wissenschaftlichem Wissen;;01.02.2021;31.01.2023;C. DSDL;;Rejected;
BMBF;;Beschleunigung der Transformation zu Open Access;Konf4OA;"Konferenzveröffentlichungen in den Ingenieurwissenschaften durch Open Access sichtbar und
verfügbar machen";;01.02.2021;31.01.2023;A. EuK;;Rejected;
BMBF;16TOA039A;Beschleunigung der Transformation zu Open Access;KOALA;Konsortiale Open-Access-Lösungen aufbauen;;01.02.2021;31.01.2023;B. PD;53000022;Accepted;
BMBF;16TOA034A;Beschleunigung der Transformation zu Open Access;BiSON;"Bibliometric and Semantic
Open Access Recommender Network";;01.02.2021;31.01.2023;B. PD;53000023;Accepted;
BMBF;16TOA034A;Beschleunigung der Transformation zu Open Access;BiSON;"Bibliometric and Semantic
Open Access Recommender Network";;01.02.2021;31.01.2023;C. VA;53000023;Accepted;
MWK;;"Nieders. Vorab: ""Digitalisierung in den Naturwissenschaften""";DigiSpecies;"Digispecies: Digitization of plant and animal species occurrence
records for documenting the extent of biodiversity loss";;01.02.2021;31.01.2024;C. DSDL;56000019;Accepted;
EU;;LC-SC3-EC-5-2020 Supporting public authorities in driving the energy transition;BUMBLEBEE;Data Driven Innovation Hub for Energy Efficiency Implementation Measures;;;;C. DSDL;;Rejected;
BMBF;21INVI2101;„INVITE – Innovationswettbewerb Digitale Plattform berufliche Weiterbildung“;WB smart;Bildungswissenschaftliche Grundlegung eines smarten KI-basierten digitalen Weiterbildungsraums für die Altenhilfe mittels personalisierter Empfehlungssysteme;;01.09.2021;31.08.2024;C. DSDL;53000032;Accepted;
BMBF;21INVI0501;„INVITE – Innovationswettbewerb Digitale Plattform berufliche Weiterbildung“;ADAPT;Implementierung eines adaptiven Lernunterstützers für Pflege im betrieblichen Transformationsprozess;;01.05.2021;30.04.2024;C. DSDL;53000028;Accepted;
EU;;ERC-2020-POC European Research Council - Proof of Concept;ORKG;Facilitating the Transfer of Research Results with the Open Research Knowledge Graph;;;;C. DSDL;;Rejected;
Leibniz-Gemeinschaft;Strategiefonds-2021-TIB-Fortführung OA-Publikationsfonds Zeitschriften;Leibniz-Wettbewerb (Strategiefonds);OA-Publikationsfonds Zeitschriften ;Fortführung des Open-Access-Publikationsfonds für Zeitschriften;;01.01.2021;31.12.2024;A. Ref. L;54000008;Accepted;
BMBF;;"Erkennen und Bekämpfung von digitalen Desinformationskampagnen; Förderrichtlinie „Forschung Agil""";WIDER-Q;"Unterstützung der Bewertung von Videoinhalten durch Kennzeichnung von Widersprüchen und
Quelleninformationen";;01.04.2021;31.03.2024;C. VA;;Rejected;
BMBF;;"Erkennen und Bekämpfung von digitalen Desinformationskampagnen; Förderrichtlinie „Forschung Agil""";FEAR;Interdisziplinäre Analyse der Muster und Wechselwirkungen bei der Manipulation der öffentlichen Meinung durch den Einsatz von Angst-Narrativen in den Medien;;01.04.2021;31.03.2024;C. VA;;Rejected;
BMBF;;"Erkennen und Bekämpfung von digitalen Desinformationskampagnen; Förderrichtlinie „Forschung Agil""";FakeNarratives;Narrative der Desinformation verstehen: ein Vergleich zwischen öffentlich-rechtlichen und alternativen Nachrichtenvideos;;01.10.2021;30.09.2024;C. VA;20210018;Accepted;
DFG;;Emmy Noether Programm;RESILIENT;Redesign Lifelong Learning through Individual, Dynamic and Labour Market Oriented Learning Trajectories ;;;;C. DSDL;;Rejected;
DFG;;DFG Nationale Forschungsdateninfratruktur (NDFI) ;PUNCH4NFDI ;Big Data Physics;;01.04.2021;31.03.2024;C. DSDL;;Accepted;
DFG;;DFG Nationale Forschungsdateninfratruktur (NDFI) ;NFDI4Objects;NFDI for Archaeology, Material Culture and Objects ;;;;C. NTM;;Accepted;
DFG;;DFG Nationale Forschungsdateninfratruktur (NDFI) ;NFDI4Microbiota;;;01.04.2021;31.03.2024;C. NTM;;Accepted;
DFG;;DFG Nationale Forschungsdateninfratruktur (NDFI) ;NFDI4Earth;Earth System Sciences;;01.10.2021;31.12.2026;C. DSDL;51000078;Accepted;
DFG;;Nationale Forschungsdateninfratruktur (NDFI) ;NFDI4DataScience;NFDI for Data Science and Artificial Intelligence;;01.10.2021;30.09.2026;C. DSDL;51000077;Accepted;
DFG;;DFG Nationale Forschungsdateninfratruktur (NDFI) ;FairMat;"FAIRe Dateninfrastruktur 
für die Physik der kondensierten Materie 
und die chemische Physik fester Stoffe";;;;C. DSDL;;Accepted;
BMBF;16PGF0287;"Open Access-Publikationen
aus abgeschlossenen BMBF-geförderten Projekten (Post-Grant-Fund)";International Conferences of Bibliometrics;International Conferences of Bibliometrics;;24.02.2021;31.08.2021;C. OSL;53000025;Accepted;
BMBF;16PGF0288;"Open Access-Publikationen
aus abgeschlossenen BMBF-geförderten Projekten (Post-Grant-Fund)";Eigenfactor;Eigenfactor;;24.02.2021;31.08.2021;C. OSL;53000026;Accepted;
BMBF;16PGF0289;"Open Access-Publikationen
aus abgeschlossenen BMBF-geförderten Projekten (Post-Grant-Fund)";The h-index;The h-index;;24.02.2021;31.08.2021;C. OSL;53000024;Accepted;
MWK;14-55 026-2021;;Sammlung Haupt;Restaurierung und Konservierung des Buchbestandes der Sammlung Albrecht Haupt ;;01.01.2021;31.12.2021;A. W-Dienst;56000018;Accepted;
BMBF;;Unterstützung anwendungsorientierte Forschung für AUF, Projekte in Zukunftsfeldern der anwendungsorientierten Forschung;ORKG-Transfer;"Beschleunigung des Transfer von Forschungsergebnissen mit dem Open Research Knowledge
Graph";;01.01.2021;31.12.2021;C. DSDL;;Rejected;
BMBF;;Ralf-Dahrendorf-Preis;IASIS;;;;;C. SDM;;Rejected;
Klaus Tschira Stiftung;;Klaus Tschira Boost Fund;;Tackling Online Misinformation using Multimodal Data Analytics;;01.04.2021;30.06.2022;C. VA;;Rejected;
DFG;;Internationale Zusammenarbeit - Tagungsförderung;BIS2021;24. International Conference on Business Information Systems (BIS) ;https://bisconf.org/;15.06.2021;17.06.2021;C. DSDL;51000076;Accepted;
BMBF;;Förderung von deutsch-französischen Projekten zum Thema Künstliche Intelligenz;trAIt;Explainable AI for Open and Personalised Transferable Skills Training;;01.06.2021;31.05.2025;C. DSDL;;Rejected;
BMWi;01MK21007C;"Entwicklung digitaler Technologien, Technologieumsetzung des BMWi für den Schwerpunkt Künstliche
Intelligenz";CoyPu;"Cognitive Economy Intelligence - Plattform für die Resilienz wirtschaftlicher Ökosysteme -
Teilvorhaben: Etablierung eines Resilienzdatenökosystems mit Vokabularen und Integration nachhaltiger Datenservices";;01.06.2021;31.05.2024;C. DSDL;53000030;Accepted;
BMWi;01MK21007C;"Entwicklung digitaler Technologien, Technologieumsetzung des BMWi für den Schwerpunkt Künstliche
Intelligenz";CoyPu;"Cognitive Economy Intelligence - Plattform für die Resilienz wirtschaftlicher Ökosysteme -
Teilvorhaben: Etablierung eines Resilienzdatenökosystems mit Vokabularen und Integration nachhaltiger Datenservices";;01.06.2021;31.05.2024;C. SDM;20210020;Accepted;
DFG;;UK-German Funding Initiative in the Humanities (Sachbeihilfe);X-Sketchbook;The Change of Architectural Design Processes with the Digital Shift and the Sketchbook of the Future;;;;C. OSL;;Rejected;
BMBF;;https://www.bmbf.de/foerderungen/bekanntmachung-3343.html;ChainEval;Blockchain gestützte Zertifikate evaluiert in der Praxis;;01.11.2021;31.10.2023;C. OSL;;Rejected;
BMBF;;https://www.bmbf.de/foerderungen/bekanntmachung-3343.html;DiNawInk;Digitaler naturwissenschaftlicher Unterricht für alle – Untersuchung von Inklusion und Exklusion mittels Learning Analytics;;01.11.2021;31.10.2023;C. VA;;Rejected;
BMBF;;https://www.bmbf.de/foerderungen/bekanntmachung-3343.html;NERDS;Nachfrageorientierte Entwicklung und DistRibution von Data-Science-Bildungsangeboten im Spannungsfeld zwischen Hochschulbildung und Open Education ;;01.11.2021;31.10.2023;C. DSDL;;Rejected;
BMBF;;https://www.bmbf.de/foerderungen/bekanntmachung-3343.html;P2P-Lernen;Learning Circles - P2P-Lernen am dritten Ort;;01.11.2021;31.10.2023;C. OSL;;Rejected;
DFG;;Emmy Noether Programm;COGNITER;Knowledge journeys in research and its infrastructure;;;;C. DSDL;;Rejected;
DFG;;DFG LIS, Infrastrukturen für wissenschaftliches Publizieren;SERVO;"Self Service Video Abstracts - Entwicklung und Etablierung eines Autor*innentools für die Produktion von
wissenschaftlichen Video Abstracts";;;;C. NTM;;Rejected;
BMBF;FAIRDS12;Fördermaßnahmen im Kontext GAIA-X;FAIR-DS;"FAIR Data Spaces - Aufbau eines gemeinsamen Cloud-basierten Datenraums für Wirtschaft und
Wissenschaft";;17.05.2021;16.05.2024;C. DSDL;53000029;Accepted;
BMBF;;BMBF Forschungsprojekte zum Thema „Wissenstransfer“, Bekanntmachung 3331;INDEED;INDEED - Gelingensbedingungen von Wissenstransfer mit wiss. Videos;;01.04.2022;31.03.2025;C. NTM;;Rejected;
Leibniz-Gemeinschaft;K371/2021;Leibniz-Wettbewerb 2022;eVIDence;"Evidence- and AI-based Indexing, Enrichment, and
Recommendation of Educational Videos";;01.01.2022;31.12.2024;C. VA;;Rejected;
DFG;SE 1827/13-2;LIS / Überregionale Lizenzierung - Fortsetzungsantrag;Allianz-Lizenz Biochem. (Fortsetzung);Erwerb von Allianz-Lizenzen an der TIB – Biochemical Society Journals (Fortsetzung);;;;A. Ref. L;;Rejected;
BMBF;;https://www.bmbf.de/foerderungen/bekanntmachung-3475.html;MINnovaTiv;MINnovaTiv - digital gestützte Bildung nach dem Leibniz-Prinzip;;01.01.2022;31.12.2024;C. VA;;Rejected;
BMBF;16INB1061;https://www.bmbf.de/foerderungen/bekanntmachung-3567.html;TOERN;Teilen von Open Educational Resources auf der Nationalen Bildungsplattform;;18.10.2021;17.03.2022;C. NTM;53000033;Accepted;
DFG;;LIS- Informationsinfrastrukturen für Forschungsdaten;LaZAR Plus;"Ausbau der erzielten LaZAR-Infrastruktur durch die Förderung der
wissenschaftlichen Reflexionen über die im Open-Access-Repositorium archivierten
Forschungsdaten";;;;C. DSDL;;Rejected;
BMBF;;Digitalisierung der Materialforschung in Deutschland“ (MaterialDigital 2);EcoPlast2Bit;"Materialdaten für nachhaltigere Kunststoffe (Biokunststoffe und Recyclingkunststoffe) im Spritzguss – Praxisnutzung
erleichtern durch Simulierbarkeit";;01.01.2022;31.12.2024;C. DSDL;;Rejected;
BMBF;13XP5196F;Digitalisierung der Materialforschung in Deutschland“ (MaterialDigital 2);InSuKa;Intelligente Suchmaschine zur Findung von optimierten Kautschukcompounds;;01.06.2023;31.05.2026;D. KCB;53000039;Accepted;
DFG;;LIS - eResearch-Technologien;MatSci;Entwicklung maschinell unterstützter Tiefenerschließung von Fachliteratur für die Materialwissenschaft und Werkstofftechnik auf Basis von Open Source Technologien;;;;C. DSDL;;Rejected;
Stiftung Niedersachsen;6797-068/21;Erinnerungen und Orte digital erschließen - Citizen-Science-Hackathons mit Kultureinrichtungen, Gedenkstätten und Archiven in Niedersachsen;;;;01.06.2021;31.12.2022;C. OSL;59000034;Accepted;
Klosterkamm Hannover;1-2021-7487;Erinnerungen und Orte digital erschließen - Citizen-Science-Hackathons mit Kultureinrichtungen, Gedenkstätten und Archiven in Niedersachsen;;;;23.06.2021;31.03.2023;C. OSL;59000032;Accepted;
VGH Stiftung;AZ 120211009;Erinnerungen und Orte digital erschließen - Citizen-Science-Hackathons mit Kultureinrichtungen, Gedenkstätten und Archiven in Niedersachsen;;;;01.06.2021;31.12.2022;C. OSL;59000036;Accepted;
BMBF;FKZ 01IS22070 ;Förderung von Ideennachwuchs: Forschungsvorhaben von KI-Nachwuchsgruppen;SCINEXT;Neural-Symbolic Scholarly Innovation Extraction;;01.08.2022;31.07.2025;C. DSDL;53000034;Accepted;
BMBF;;Förderung von Ideennachwuchs: Forschungsvorhaben von KI-Nachwuchsgruppen;KIVI;KI-basierte Bild- und Videobeschreibungen für inklusive naturwissenschaftliche Lehrmaterialien;;01.01.2022;31.12.2024;C. VA;;Rejected;
KEK;SP1-2021-037;;;Umverpacken des Aktenbestands Ethnologie der Encyclopaedia Cinematographica (EC) des ehemaligen Instituts für den Wissenschaftlichen Film IWF;;28.07.2021;31.12.2021;A. BuL;53000031;Accepted;
MWK;;;;Umverpacken des Aktenbestands Ethnologie der Encyclopaedia Cinematographica (EC) des ehemaligen Instituts für den Wissenschaftlichen Film IWF;;28.07.2021;31.12.2021;A. BuL;56000020;Accepted;
EU;2020-1-HU01-KA226-HE-093987;Erasmus+ KA226 – Partnerschaften zur Förderung der Bereitschaft für digitale Bildung;BIPER;Business Informatics Programme Reengineering;;01.03.2021;30.09.2022;C. DSDL;57000017;Accepted;
EU;;ERASMUS-EDU-2021-PI-ALL-INNO-EDU-ENTERP Alliances for Innovation;UPSKILL SME;;;;;C. DSDL;;Rejected;
EU;;ERASMUS-EDU-2021-PI-ALL-INNO-EDU-ENTERP Alliances for Innovation;AI4VET4AI (2021);;;;;C. DSDL;57000021;Rejected;
EU;;HORIZON-HLTH-2021-DISEASE-04-01: Towards improved supportive, palliative, survivorship and end-of-life care of cancer patients;CARING;Cancer Care Artificial Intelligence Validation;;;;C. SDM;;Rejected;
BMBF;01UV2301D;Transformationspfade für nachhaltige Hochschulen;DiNaMo;Digitalisierung für nachhaltige Hochschulen - Teilprojekt: Vermeidung von Mobilität durch virtuelle KonferenzkulturDigitalisierung;;01.09.2023;31.08.2026;C. NTM;53000045;Accepted;
BMBF;01UV2301D;Transformationspfade für nachhaltige Hochschulen;DiNaMo;Digitalisierung für nachhaltige Hochschulen - Teilprojekt: Vermeidung von Mobilität durch virtuelle KonferenzkulturDigitalisierung;;01.09.2023;31.08.2026;C. OSL;53000045;Accepted;
DFG;GZ: EP 26/7-1;Open-Access-Publikationskosten / 2022–2024 / Universität Hannover;;Open-Access-Publikationskosten / 2022–2024 / Leibniz Universität Hannover (LUH);;01.01.2022;31.12.2024;A. Ref. L;59500026;Accepted;
EU;;HORIZON-INFRA-2021-EOSC-01-04;SKG4EOSC;Scholarly Knowledge Graphs for EOSC;;;;C. DSDL;;Rejected;
BMBF;;;LeibnizAI;Leibniz AI Academy - Disziplinübergreifende, hybride Micro-Degrees für Studium & Weiterbildung;;01.12.2021;30.11.2025;C. VA;20210019;Accepted;
BMBF;;;LeibnizAI;Leibniz AI Academy - Disziplinübergreifende, hybride Micro-Degrees für Studium & Weiterbildung;;01.12.2021;30.11.2025;C. DSDL;20210019;Accepted;
Leibniz-Gemeinschaft;Strategiefonds-2021-IDS-OA Publikationsfonds Monografien;Strategiefonds;;"zweite Förderphase des ""Open-Access-Publikationsfonds für Monografien der Leibniz-Gemeinschaft""";;01.07.2021;31.12.2024;A. Ref. L;54000009;Accepted;
EU;;HORIZON-CL2-2021-HERITAGE-01-04;SCARVES;Societal Challenges in Analytics foR Visual Ephemera at Scale;;;;C. OSL;;Rejected;
EU;101070069;HORIZON-CL4-2021-DATA-01-03;DataBri-X;Data Process & Technological Bricks for expanding digital value creation in European Data Spaces;;01.10.2022;30.09.2025;C. DSDL;57000018;Accepted;
EU;;HORIZON-CL4-2021-DATA-01-05;EMOS;Edge Meta Operating System;;;;C. DSDL;;Rejected;
EU;;HORIZON-CL4-2021-HUMAN-01-24;EqualitAI;Fair and Bias-aware AI Pipelines for Equality of Opportunities and Quality of Life in European Societies;;;;C. SDM;;Rejected;
EU;;HORIZON-CL4-2021-DATA-01-01;GLACIATION;Green responsibLe privACy preservIng dAta operaTIONs;;01.10.2022;30.09.2025;C. DSDL;20210020;Accepted;
DFG;;DFG Nationale Forschungsdateninfratruktur (NDFI) ;nfdi4energy;NFDI4energy - NFDI für die interdisziplinäre Energiesystemforschung;;01.03.2023;28.02.2028;C. DSDL;51000082;Accepted;
DFG;;DFG Nationale Forschungsdateninfratruktur (NDFI) ;NFDI4Mobility;NFDI4Mobility - Verkehrswissenschaften ;;;;A. W-Dienst;;Rejected;
DFG;;DFG Nationale Forschungsdateninfratruktur (NDFI) ;NFDI4Phys  ;NFDI für disziplinäre und transdisziplinäre Physik;;;;C. DSDL;;Rejected;
DFG;;DFG Nationale Forschungsdateninfratruktur (NDFI) ;Methods;National  research  data  infrastructure  for  empirical  research on  human behavior in  Sports  Science,  Economics,  Social Sciences, Psychology, and Medical Informatics;;;;C. DSDL;;Rejected;
BMBF;;Stärkung der Datenkompetenzen des wissenschaftlichen Nachwuchses;AutoPlanDat;Automatisierte Analyse von Forschungsdaten aus den Pflanzenwissenschaften - exemplarisch für numerische und phänotypische Datensätzen;;01.07.2022;30.06.2025;A. W-Dienst;;Rejected;
BMBF;;Stärkung der Datenkompetenzen des wissenschaftlichen Nachwuchses;GAIA;Global Art + Intersectionality Analysis - Datenwissenschaftliche Analysen von Open Data aus Bilddatenbanken zeitgenössischer Bildender Kunst;;01.09.2022;31.08.2025;C. OSL;;Rejected;
BMBF;01FP22020B;Innovative Frauen im Fokus;BIG_GAP;Big-Data-basierte Gender-Analysen von Publikationen;;01.06.2022;31.05.2025;B. PD;;Rejected;
BMBF;;Innovative Frauen im Fokus;UNCOVER;UNsichtbaren COmmunity Impact von Frauen VERdeutlichen;;01.06.2022;31.05.2035;C. OSL;;Rejected;
BMBF;;Kompetenzen für eine digital geprägte Welt (Digitalisierung III);P2P-Lernen;"Wirkung von P2P-Lernformaten für den souveränen und produktiven Umgang mit den gegenwärtigen und künftigen
Entwicklungen der Digitalisierung";;01.02.2023;31.01.2026;C. OSL;;Rejected;
BMBF;;Kompetenzen für eine digital geprägte Welt (Digitalisierung III);DigiBound;"DigiBound - Entwicklung, Testung und Implementierung eines modularen Trainingskonzeptes zur Förderung von Boundary Management als Selbstregulationskompetenz von Kindern und Jugendlichen - Teilvorhaben: Medientechnische Abbildung und Umsetzung des modularen Trainings
zur Förderung von Boundary Management als Selbstregulationskompetenz von Kindern und
Jugendlichen";;01.03.2025;29.02.2028;C. NTM;;Submitted;
DFG;;DFG LIS, Infrastructures for Scholarly Publishing;RePISTEME;An ecosystem of services for FAIR scholarly knowledge;;;;C. DSDL;;Rejected;
DFG;;DFG LIS, Infrastrukturen für wissenschaftliches Publizieren;PID Network Deutschland;PID Network Deutschland – Netzwerk für die Förderung von persistenten Identifikatoren in Wissenschaft und Kultur;;01.03.2023;28.02.2026;A. Ref. PM;51000079;Accepted;
DFG;SE 1827/15-2;DFG LIS, Digitalisierung und Erschließung;GESAH+ (Fortsetzungsantrag);Digitalisierung und fachliche Erschließung der graphischen Bestände der Sammlung des Architekten Albrecht Haupt (GESAH+);;01.01.2023;31.12.2025;A. W-Dienst;51000081;Accepted;
DFG;SE 1827/15-2;DFG LIS, Digitalisierung und Erschließung;GESAH+ (Fortsetzungsantrag);Digitalisierung und fachliche Erschließung der graphischen Bestände der Sammlung des Architekten Albrecht Haupt (GESAH+);;01.01.2023;31.12.2025;C. OSL;51000081;Accepted;
EU;;HORIZON-MSCA-2021-DN-01-01;SCHOL;;;;;;;Rejected;
EU;;ERC-2022-StG;COGNITER;Frictionless scholarly knowledge journeys with symbolic data science;;;;C. DSDL;;Rejected;
EU;;HORIZON-HLTH-2022-STAYHLTH-01-two-stage;SWIPE 1st stage;Sustainable Well-being in Precarious academic Environments;;;;C. DSDL;;Rejected;
DFG;STO 1329/3-1;DFG LIS, Information Infrastructures for Research Data;BITS;BluePrints for the Integration of Terminology Services in Earth System Sciences;;23.12.2022;22.12.2025;D. KI;51000080;Accepted;
DFG;STO 1329/3-1;DFG LIS, Information Infrastructures for Research Data;BITS;BluePrints for the Integration of Terminology Services in Earth System Sciences;;23.12.2022;22.12.2025;C. NTM;51000080;Accepted;
EU;FR 3200279459 – line 1;"EPO Academic Research Programme; ARP 2021 call ";ViP@Scale ;ViP@Scale: Visual and Multimodal Patent Search at Scale;;01.10.2022;20.03.2025;C. VA;59000037;Accepted;
BMBF;16INB2061;https://www.bmbf.de/foerderungen/bekanntmachung-3567.html;TOERN2;Teilen von Open Educational Resources auf der nationalen Bildungsplattform;;01.09.2022;31.08.2024;C. NTM;53000035;Accepted;
BMBF;16INB2061;https://www.bmbf.de/foerderungen/bekanntmachung-3567.html;TOERN2;Teilen von Open Educational Resources auf der nationalen Bildungsplattform;;01.09.2022;31.08.2024;C. E;53000035;Accepted;
BMBF;;Integration der Region Mittelost- und Südosteuropa in den Europäischen Forschungsraum“ (Bridge2ERA2021);NORI;Network for Open Research Information;;;;C. OSL;;Rejected;
DFG;;Schwerpunktprogramm SPP 2172/2 - Das digitale Bild;ReflectAI;"Reflexionsbasierte künstliche Intelligenz in der Kunstgeschichte –
erklärbare hybride Modelle für die Bildersuche und -analyse";;01.01.2023;31.12.2025;C. VA;20220022;Accepted;
EU;;HORIZON-WIDERA-2022-ACCESS-04;AI4GreenDanube;;;;;C. SDM;;Rejected;
Nieders. Lotto-Soprt-Stiftung;;;Decolonize Niedersachsen;Decolonize Niedersachsen;;01.01.2023;31.12.2023;C. OSL;;Rejected;
DFG;;LIS Fachinformationsdienste für die Wissenschaft;FID WiHoFo;FID Wissenschafts- und Hochschulforschung;;;;A. W-Dienst;;Rejected;
DFG;;LIS Fachinformationsdienste für die Wissenschaft;FID BAUdigital (1. Fortsetzung);FID Bauingenieurwesen, Architektur und Urbanistik digital (BAUdigital);;;;A. W-Dienst;;Rejected;
BMBF;16DWWQP07E;Digitaler Wandel in Bildung, Wissenschaft und Forschung;DALIA;Knowledge-Graph der Data Literacy Alliance (DALIA) für FAIRe Datennutzung und -bereitstellung auf der Basis von Semantic-Web-Technologie;;01.11.2022;31.10.2025;C. DSDL;53000037;Accepted;
MWK;14-55 026-2022;Zusätzliche Förderung der Wissenschaftlichen Bibliotheken im Land Niedersachsen im Haushaltsjahr 2022;Sammlung Haupt;Sammlung Albrecht Haupt, Restaurierung und Konservierung von drei Objektgrup-pen der Schadensklassen 3 und 4;;01.01.2022;31.12.2022;A. W-Dienst;56000022;Accepted;
Leibniz-Gemeinschaft;J165/2022;Leibniz-Wettbewerb-2023:  Leibniz Best Minds: Junior Research Groups;EASE-AV;Enabling Accessibility for Scientific and Educational Audiovisual Media;;01.01.2023;31.12.2027;C. VA;;Rejected;
EU;101094397;HORIZON-INFRA-2022-EOSC-01-02;Craft-OA;Creating a Robust Accessible Federated Technology for Open Access;;01.01.2023;31.12.2025;B. PD;57000019;Accepted;
EU;;HORIZON-WIDERA-2022-ERA-01-41;ESRA;Establishing the Scientific Reproducibility Awarding Framework;;;;C. DSDL;;Rejected;
EU;;HORIZON-WIDERA-2022-ERA-01-44;ORRIOL;Open Responsible Research and Innovation to further Learning;;;;C. DSDL;;Rejected;
EU;;HORIZON-INFRA-2022-DEV-01-01;Nanoworld Maps;Empowering Europe to lead the revolution in high-throughput multimodal imaging at nanometre scale;;;;C. OSL;;Rejected;
MWK;11 – 76251-1489/2023 (ZN4161);(VW-Stiftung) Innovation an Fachhochschulen – Förderlinie 2;VidQA;Automatisierte Verständnisüberprüfung von Lernvideos;;01.09.2023;31.08.2026;C. VA;56000038;Accepted;
DFG;SE 1827/16-2;DFG-LIS e-Research Technologien;ConfIDent 2;Mehr Transparenz für wissenschaftliche Konferenzen;;;;A. Ref. PM;;Rejected;
DFG;;Nationale Forschungsdateninfratruktur (NDFI) ;Base4NFDI;Basic Services for NFDI;;01.03.2023;28.02.2028;C. E;51000083;Accepted;
BMBF;;"Forschung zu „Nicht-staatliche Hochschulen""";PONCHO;Publikationen im Open Access an nichtstaatlichen Hochschulen;;01.04.2023;31.03.2025;B. PD;;Rejected;
EU;;HORIZON-KDT-JU-2021-2-RIA;CLEVER;Collaborative edge-cLoud continuum and Embedded AI for a Visionary industry of thE futuRe;;01.12.2023;30.11.2026;C. DSDL;20220021;Accepted;
BMBF;;Aufbau von Datenkompetenzzentren in der Wissenschaft;DKZ-NORD;Datenkompetenzzentrum DKZ NORD - Wissen aus Daten;;01.12.2022;30.04.2023;C. DSDL;;Rejected;
DFG;PL 801/4-1;LIS-Förderprogramm „e-Research-Technologien”;AV-EFI;"Automatisiertes Verbundsystem für audiovisuelle Bestände
über einheitliche Film Identifikatoren";;01.10.2023;30.09.2025;C. NTM;51000084;Accepted;
BMBF;;"Forschung zu „Nicht-staatliche Hochschulen""";ALPACA;Allmende offener Metadaten: Partizipation und Charakteristika von Hochschulen in nicht-staatlicher Trägerschaft;;01.04.2023;31.03.2026;C. OSL;;Rejected;
MWK;P052;„Innovative Lehr- und Lernkonzepte: Innovation plus“;Inno+ 2023 - Werkstoffkunde;Inno+ 2023 - Werkstoffkunde;;01.01.2023;31.12.2024;C. DSDL;56000031;Accepted;
MWK;73724-ZSL-Haushalt_2023-960/2022-2345/2023-6765/2023;OER-Portal Niedersachsen;twillo Folgeantrag;twillo -  OER Portal Niedersachsen  -  Folgeantrag;;01.08.2023;31.07.2027;C. NTM;56000033;Accepted;
MWK;73724-ZSL-Haushalt_2023-960/2022-2345/2023-6765/2023;OER-Portal Niedersachsen;twillo Folgeantrag;twillo -  OER Portal Niedersachsen  -  Folgeantrag;;01.08.2023;31.07.2027;C. E;56000033;Accepted;
MWK;14 - 55 026-2023;Zusätzliche Förderung von Restaurierungs- und Konservierungsarbeiten in Landes- und Hochschulbibliotheken im Haushaltsjahr 2023;Sammlung Haupt;Fortsetzung der Restaurierung der Sallmung Karl Alrbrecht Haupt - Schutzverpackungen der Monographien aus Teilbestand 2;;01.01.2023;31.12.2023;A. Ref. L;56000026;Accepted;
EU;;HORIZON-HLTH-2022-STAYHLTH-01-01-two-stage (RIA);SWIPE 2nd stage;;;;;C. DSDL;;Rejected;
EU;101104579;ERASMUS-EDU-2022-PEX-COVE;AI4VET4AI (2022);AI-powered Next Generation of VET;;01.07.2023;30.06.2027;C. DSDL;57000021;Accepted;
DFG;;LIS Fachinformationsdienste für die Wissenschaft;FIDChem;Fachinformationsdienst für die Chemie (FIDChem);;;;A. W-Dienst;;Rejected;
DUG-WW;;Deutsch-Ukrainische Gesellschaft für Wirtschaft und Wissenschaft;;Documenting Ukrainian Cultural Heritage ;;01.10.2022;31.12.2022;C. OSL;53000036;Accepted;
BMBF;16KUV014;Digitaler Wandel in Bildung, Wissenschaft und Forschung;open-access-network 2;Kompetenz- und Vernetzungsplattform im Bereich Open Access 2 - Teilvorhaben: Materialien – Talks – neue Akteure – Selbstlernangebote;;01.01.2023;01.01.2026;B. PD;53000038;Accepted;
Stiftung Niedersachsen;7070-106/22;;Policy für offene Kulturdaten;Policy für offene Kulturdaten;;01.12.2022;31.05.2023;C. OSL;59000038;Accepted;
BMBF;;Aufbau von Datenkompetenzzentren in der Wissenschaft;DKZwi;DKZwI - Nationales Datenkompetenzzentrum wissenschaftliche Information;;01.12.2022;30.04.2023;C. DSDL;;Rejected;
EU;;HORIZON-MSCA-2022-PF-01;ReMO Indicators;Investigating the antecedents and detractors of individual well-being in universities and non-commercial research environments;;;;C. DSDL;;Rejected;
EU;;ERASMUS-EDU-2022-PI-ALL-INNO;AI2MED;;;;;C. DSDL;;Rejected;
EU;;Horizon Europe - Digital Transformation Call 2022;QuDOS;Quality of Data in the European Open Science Cloud;;;;C. NTM;;Rejected;
DAAD;;Ukraine digital: Studienerfolg in Krisenzeiten sichern (2022);OER with Ukraine;OER with Ukraine;;01.06.2022;31.12.2022;C. NTM;20230026;Accepted;
MWK;76202-4872/2022;Pro*Niedersachsen - Forschungsvorhaben Geistes-, Kultur- und Sozialwissenschaften;Koloniale Spuren;Koloniale Spuren in Tansania und Niedersachsen – Ein interaktiver postkolonialer Atlas;;01.10.2023;30.09.2025;C. OSL;;Rejected;
VW Stiftung;;Pioniervorhaben – Impulse für das Wissenschaftssystem;;Ein Community-basiertes Komplement zum Peer-Review-Publikationssystem;;;;B. PD;;Rejected;
MWK;;"Ausschreibung „Zukunftsdiskurse""";WikiRemembrance;WikiRemembrance: Den Nationalsozialismus erforschen und erinnern mittels partizipativer Plattformen wie Wikidata - eine neue digitale Wissenskultur zwischen der Hoffnung auf mehr Offenheit und Nachhaltigkeit, und der Furcht vor Hassrede und Missbrauch;;01.10.2023;31.12.2024;C. OSL;56000032;Accepted;
VW Stiftung;;Pioniervorhaben – Impulse für das Wissenschaftssystem;;Karten des Forschungsstands: Semantische Netzwerke von Forschungsinhalten als Grundlage der Wissensorganisation;;01.09.2023;31.08.2026;C. DSDL;;Rejected;
VW Stiftung;;Pioniervorhaben – Impulse für das Wissenschaftssystem;REHUB;Research Data Reusability Hub;;01.09.2023;31.08.2026;C. DSDL;;Rejected;
DFG;SE 1827/27-1;"DFG-LIS ""e-Research Technologien""";IRMA;Improve your Repository MetadatA. Nachnutzungspotentiale wissenschaftlicher Repositorien verbessern;;;;A. Ref. PM;;Rejected;
EU;;HORIZON-MSCA-2022-DN-01-01;DIAMONDS;Empirical Discourse Analysis of Multimodal Online News and Social Media;;;;C. VA;;Rejected;
EU;;HORIZON-MSCA-2022-DN-01-01;SHERPA;Sustainable and Healthy work Environments for Researchers: Personalised and Accountable interventions for institutions;;;;C. DSDL;;Rejected;
EU;;AI for human empowerment (AI, Data and Robotics Partnership);GOLDEN;;;;;C. SDM;;Rejected;
MWK;11-76251-5190/2022 (ZN4058);Zusätzliche Förderung von Wissenschaft und Technik in Forschung und Lehre aus Mitteln des SPRUNG (vormals Nieders. Vorab);Joint Lab „Future Libraries & Research Data“;Anschubfinanzierung des Joint Lab „Future Libraries & Research Data“;;15.08.2023;14.08.2025;C. OSL;56000027;Accepted;
MWK;AZ 76202-5941/2022;Pro*Niedersachsen – Kulturelles Erbe – Sammlungen und Objekte;WeDi-OGT;"Werkzeuge und Formate digital handlungsfähiger Erinnerungskultur - das Modell ""Orte des Gestapoterrors im heutigen Niedersachsen""";;01.01.2024;31.12.2025;C. OSL;56000037;Accepted;
DAAD;;Ukraine digital: Studienerfolg in Krisenzeiten sichern (2023);Open Educational Resources with Ukraine_Infomatics;OER with Ukraine;;01.01.2023;31.12.2023;C. NTM;20230023;Accepted;
BMBF;;Kompetenzzentren für digitales und digital gestütztes Unterrichten in Schule und Weiterbildung;KodiLUS;Kompetenzzentrum für digitalgestütztes Lernen und Unterrichten in der (inklusiven) Schule;;01.06.2023;31.12.2025;C. NTM;;Rejected;
BMBF;16KOA011A ;Etablierung einer gelebten Open-Access-Kultur in der deutschen Forschungs- und Wissenschaftspraxis;KOALA-AV;Konsortiale Open-Access-Lösungen Aufbauen, Ausbauen und Verankern;;01.09.2023;31.08.2025;B. PD;53000040;Accepted;
BMBF;16KOA013B;Etablierung einer gelebten Open-Access-Kultur in der deutschen Forschungs- und Wissenschaftspraxis;Mehr-OA;Mehrwerte von Open Access für die datengestützte Forschung und Entwicklung;;01.09.2023;31.08.2026;D. KI;53000042;Accepted;
EU;;Horizon Europe HORIZON-CL5-2022-D4-02;Twin4People;Solutions for the sustainable, resilient, inclusive and accessible regeneration of neighbourhoods enabling low carbon footprint lifestyles and businesses;;;;D. DSDL;;Rejected;
BMBF;16KOA030;Etablierung einer gelebten Open-Access-Kultur in der deutschen Forschungs- und Wissenschaftspraxis;IDAHO;IDentifikAtion von Hürden zum Open-Access-Publizieren für Forschende mit schwacher institutioneller Anbindung - epistemische Ungerechtigkeit im wissenschaftlichen Publizieren;;01.09.2023;31.08.2025;C. OSL;53000043;Accepted;Ja
BMBF;16KOA009A;Etablierung einer gelebten Open-Access-Kultur in der deutschen Forschungs- und Wissenschaftspraxis;KOMET;Kollaborative Anreicherung der Metadatenallmende zur Förderung eines diversen Open-AccessÖkosystems, Teilvorhaben: Offene Zitationsinformationen und persistente Identifikatoren für bessere Evaluationen in einem diversen OAÖkosystem;;01.09.2023;31.08.2025;C. OSL;53000041;Accepted;Ja
Leibniz-Gemeinschaft;K441/2022;Leibniz-Wettbewerb-2023:  Collaborative Excellence;VideoSRS;"Assisting the remote video learner with self-regulation support: A  study on the responsible use of machine learning approaches in education
";;01.02.2023;31.01.2026;C. VA;54000010;Accepted;
DFG;GZ: SFB 1153/3 2023;SFB 1153/3, Teilprojekt INF, 3.Förderperiode;Forschungsdatenmanagement Tailored Forming;Prozesskette zur Herstellung hybrider Hoch-leistungsbauteile durch Tailored Forming;https://www.sfb1153.uni-hannover.de;01.07.2023;30.06.2027;C. LSK;59000029;Accepted;
BMBF;;Etablierung einer gelebten Open-Access-Kultur in der deutschen Forschungs- und Wissenschaftspraxis;PANTER;Publishing Analytics Tracker - Teilvorhaben: Wissenschaftskommunikation und Vernetzung;;01.09.2023;31.08.2025;A. Ref. L;53000044;Accepted;
EU;101124310;ERASMUS-EDU-2023-EUR-UNIV;EUList;European Universities - Development of new deep institutional transnational cooperation;;01.12.2023;30.11.2027;D. DSDL;57000022;Accepted;
VW Stiftung;;"Programm ""Forschung über Wissenschaft""; Call:""Bewertungssysteme in der Wissenschaft""";RACCOON;Responsible evaluation of conference contributions ;;01.01.2024;31.12.2026;C. OSL;;Rejected;
DFG;TU 577/1-1 ;"DFG-LIS ""Infrastrukturen für wiss. Publizieren""";SISOX;Single-Source-XML – Publikationsprozesse und Implementierung im wissenschaftlichen Kontext;;;;B. PD;;Rejected;
BMBF;;Forschungsvorhaben im Themenfeld Wissenschaftskommunikation;INDEED;Identification of conditions for detecting and defeating misinformation in videos on climate change – a full-cycle, multi-methods approach;;01.07.2023;30.06.2026;C. NTM;;Rejected;
BMBF;;Forschungsvorhaben im Themenfeld Wissenschaftskommunikation;INDEED;Identification of conditions for detecting and defeating misinformation in videos on climate change – a full-cycle, multi-methods approach;;01.07.2023;30.06.2026;C. VA;;Rejected;
EU;;ERASMUS-EDU-2023-CBHE-STRAND-2;OERA;Open Education Resources Academy;;;;C. NTM;;Rejected;
EU;101129236;ERASMUS-EDU-2023-CBHE-STRAND-3;DigiUni;Digital University – Open Ukrainian Initiative;;01.12.2023;30.11.2027;C. NTM;20230024;Accepted;
BMBF;;Forschungsvorhaben im Themenfeld Wissenschaftskommunikation;OSciB;Open Science Bridge - Wissensgraph und Dialogplattform für Forschungsinhalte in der Wissenschaftskommunikation;;01.07.2023;30.06.2026;D. DSDL;;Rejected;
MWK;;Innovative Hochschulprojekte;;Basisangebot von Dienstleistungen zum Forschungsdatenmanagement in Niedersachsen;;14.10.2022;13.12.2024;D. DSDL;56000030;Accepted;
EU;;HORIZON-EIC-2023-PATHFINDEROPEN-01-01;REALIZE;Hybrid Modeling Approaches For Personalized Therapies;;;;C. SDM;;Rejected;
EU;;HORIZON-MSCA-2022-SE-01-01;AI-Motivate;A Novel Game Theoretical Model for Decision Making in AI-based MObile IntervenTIon Systems for Healthcare;;;;C. OSL;;Rejected;
EU;;HORIZON-INFRA-2023-EOSC-01-03;EWOKS;EOSC Web of Knowledge for Science;;;;D. KI;;Rejected;
EU;;HORIZON-INFRA-2023-EOSC-01-05;EOSC-Nudge;;;;;C. E;;Rejected;
EU;;HORIZON-CL2-2023-HERITAGE-01-03;COLETTE;Contentious Content Management by Legal, Ethics, and Technology Framework;;;;D. DSDL;;Submitted;
EU;;HORIZON-CL2-2023-HERITAGE-01-03;SCARVES;Strengthening Contextualisation in ARchiVES;;;;C. OSL;;Submitted;
BMBF;;ERA4Health - Increasing health equity through promoting healthy diets and physical activity (HealthEquity);;Cancer PAtients NutRition and PhysIcal FitNess TraininG;;;;C. SDM;;Rejected;
VW Stiftung;S141759;Pioniervorhaben – Impulse für das Wissenschaftssystem;SerVo;SerVo: Self-creation of Video Abstracts;;;;C. VA;;Rejected;
VW Stiftung;;Pioniervorhaben – Impulse für das Wissenschaftssystem;ODDS;Ontology for Diverse and Dynamic Resources in Science;;;;D. KI;;Rejected;
DFG;"KR 4535/1-1 ; VI 1050/5-1";LIS e-Research Technologies;LDM-TRR;Leibniz Data Manager - Taking LDM into the Transparent, Reproducible, and Responsible Management of Digital Research Objects Across Various Repositories;;;;C. NTM;;Rejected;
DFG;SE 1827/19-3;LIS Fachinformationsdienste für die Wissenschaft;FID BAUdigital - 1. Fortsetzung (Wiedereinreichung des abgelehnten Antrags);FID Bauingenieurwesen, Architektur und Urbanistik digital (1. Fortsetzungsantrag);;;;A. W-Dienst;;Rejected;
EU;;;Swipe;;;;;;;Rejected;
EU;;HORIZON-HLTH-2023-TOOL-05-04;GLADIATOR;Genomic and medicaL heAlth Data IntegrATiOn for impRoved clinical outcomes;;;;C. SDM;;Rejected;
DFG;SE 1827/10-3;LIS Fachinformationsdienste für die Wissenschaft;FID MOVE 3 (2. Fortsetzungsantrag);Fachinformationsdienst Mobilitäts- und Verkehrsforschung;;12.12.2023;30.04.2027;A. W-Dienst;51000088;Accepted;
BMBF;;Aufbau von Datenkompetenzzentren in der Wissenschaft;DKZ NatEx;Datenkompetenzzentrum für experimentelle Naturwissenschaften;;01.11.2023;31.10.2026;C. LSK;;Rejected;
DFG;SE 1827/22-2;LIS Fachinformationsdienste für die Wissenschaft;FID Materials Sciences 2 (1. Fortsetzungsantrag);Fachinformationsdienst Materialwissenschaft und Werkstofftechnik - FID Materials Science;;12.12.2023;31.12.2026;A. W-Dienst;51000089;Accepted;
Leibniz-Gemeinschaft;T139/2023;Leibniz-Wettbewerb-2024: Leibniz Transfer;ed4all;Towards the next generation of online learning: A community based, and Artificial Intelligence driven educational platform for all;;01.01.2024;31.12.2026;C. LSA;;Rejected;
EU;101140217;ERASMUS-EDU-2023-PI-ALL-INNO-EDU-ENTERP;AI2MED;Artificial Intelligence in Medical Care: Reducing Errors and Saving Lives;;01.02.2024;31.01.2027;D. DSDL;57000024;Accepted;
EU;101139949;HORIZON-KDT-JU-2023-3-IA-Topic-1;SC4EU;True demand-driven semiconductor supply chains for Europe;;01.12.2023;30.11.2026;D. DSDL;57000023;Accepted;
EU;101140087;HORIZON-KDT-JU-2023-1-IA-Focus-Topic-3;Smarty;Scalable and Quantum Resilient Heterogeneous Edge Computing enabling Trustworthy AI;;01.06.2024;31.05.2027;D. DSDL;20230027;Accepted;
DFG;;"DFG-LIS ""Infrastrukturen für wiss. Publizieren""";WISENT;Wissenschaftsunterstützendes Empfehlungssystem für Gutachter:innen;;;;B. PD;;Rejected;
BMBF;;Forschungs- und Entwicklungszusammenarbeit zwischen Deutschland und der Ukraine;GURAMI;German-Ukrainian Research Analysis and Mapping Initiative;;;;C. OSL;;Rejected;
BMBF;;Projekte zur Stärkung, Erweiterung und Vernetzung von OER-Communities ;OER4Memory;Communitys für offene Bildungsressourcen in der Erinnerungskultur;;01.01.2024;31.12.2026;C. OSL;;Rejected;
BMBF;;Projekte zur Stärkung, Erweiterung und Vernetzung von OER-Communities ;OER-health-community;OER-Community für eine innovative, hochwertige Bildung in den Gesundheitsberufen ;;01.05.2024;30.04.2027;C. LSA;;Rejected;
DFG;;Nationale Forschungsdateninfratruktur (NDFI) ;TS4NFDI;Basisdienstentwicklung „Terminology-Services“ ;;01.01.2024;31.12.2024;C. LSK;51000086;Accepted;
BMBF;;Projekte zur Stärkung, Erweiterung und Vernetzung von OER-Communities ;NaWiOER;OER in der naturwissenschaftlichen Lehrkräftebildung;;01.01.2024;31.12.2026;C. NTM;;Rejected;
BMBF;;Projekte zur Stärkung, Erweiterung und Vernetzung von OER-Communities ;OpenCultureEd;Gemeinsam für eine offene interkulturelle Bildung: Stärkung einer OER-Community-of-Practice zur Förderung interkultureller Kompetenz;;01.01.2024;31.12.2026;C. NTM;;Rejected;
DFG;SE 1827/16-3;"DFG-LIS ""Infrastrukturen für wiss. Publizieren""";ConfIDent 2 (Resubmission 2023);ConfIDent 2 - Mehr Transparenz für wissenschaftliche Konferenzen;;;;A. Ref. PM;;Rejected;
DFG;;"DFG-LIS ""Information Infrastructures for Research Data""";PIDINST-Future;Information infrastructure for the persistent identification of instruments;;;;D. KI;;Rejected;
BMBF;;Fördermaßnahme: DATIpilot: Modul 1 - Innovationssprints;WisTraFAIR;WissenstransFAIR - Wissen gemeinsam vernetzen und FAIR teilen;;01.06.2024;30.11.2025;;;Rejected;
BMBF;;Fördermaßnahme: DATIpilot: Modul 1 - Innovationssprints;KIVipro;Künstliche Intelligenz-unterstützte wissenschaftliche Videoproduktion fördern und lernen;;01.09.2024;28.02.2026;C. NTM;53000047;Accepted;
MWK;;Förderung wissenschaftliche Bibliotheken im Land Niedersachsen im Haushaltsjahr 2023;;B!SON in Niedersachsen;;01.03.2023;31.12.2023;B. PD;56000025;Accepted;
BMBF;;Fördermaßnahme: DATIpilot: Modul 1 - Innovationssprints;ECOWISS;Reibungsfreies Wissen als Triebwerk moderner Wissensökonomien;;01.06.2024;30.11.2025;D. KI;;Rejected;
DFG;;Nationale Forschungsdateninfratruktur (NDFI) ;PID4NFDI;Basisdienstentwicklung (PID4NFDI) ;;01.01.2024;31.12.2024;A. Ref. PM;51000087;Accepted;
DFG;;SFB /Transregio 375: Multifunctional High-Performance Components made of hybrid porous materials (HyPo);SFB/TR375;Teilprojekt INF: Information management and information infrastructure - Research data man-agement for hybrid porous materials;;01.04.2024;31.12.2027;C. LSK;51000093;Accepted;
DFG;;NFDI4Culture flexible funds;Extending the iArt project;Weiterentwicklung der Software iArt;;01.01.2023;31.12.2023;C. OSL;51000085;Accepted;
BMBF;;Digitalisierung der Materialforschung in Deutschland (MaterialDigital 3 );DIPONI;Digitale Transformation in der Polymerherstellung: Interoperabilität und Lösungen des maschinellen Lernens zur Prozessoptimierung und Nachhaltigkeitssteigerung im industriellen Umfeld;;;;D. KCB;;Submitted;
Humboldt-Stiftung;;Humboldt-Stiftung Philipp-Schwartz-Initiative;DE-EU Comparison;Comparative Analysis of National Scientific Systems through University Journals in the Advanced;;;;C. OSL;;Rejected;
EU;;HORIZON-MSCA-2023-PF-01-01;NeSyKG;and Emerging Economies: The Case of Germany and Ukraine;;;;D. DSDL;;Rejected;
EU;;HORIZON-MSCA-2023-PF-01-01;Peer.AI;Facilitating peer-review with knowledge-driven validation of scientific contributions;;;;D. DSDL;;Rejected;
EU;;HORIZON-MSCA-2023-PF-01-01;AI4Sci;Extracting Semantics from Scientific Documents into a Knowledge Graph;;;;D. DSDL;;Rejected;
DFG;;DFG Walter-Benjamin;Predatory Journals;Untersuchung der Auswirkungen von Predatory-Konferenzen auf die Vertrauenswürdigkeit der Wissenschaft: Zerstörerische Praktiken und Verhaltensweisen im akademischen Bereich;;;;C. OSL;;Rejected;
EU;;HORIZON-ERC-2024-POC;Science2IndustryGraph;Facilitating the Transfer of Research Results to Industry with the Open Research Knowledge Graph;;;;D. DSDL;;Rejected;
MWK;;;Hybrint;Hybrid Intelligence through Interpretable AI in Machine Perception and Interaction;;01.10.2023;30.09.2026;C. DSDL;20230025;Accepted;
EU;;HORIZON-WIDERA-2023-ACCESS-02-01;GAI4Work;Generative AI for jobs: facing the (un)intended consequences;;;;C. LSA;;Rejected;
MWK;11-76251-11570/2023 (ZN4277);"Programm „zukunft.niedersachsen""; Hochschule.digital Niedersachsen";"Aufbau der Landesinitiative Forschungsdatenmanagement Niedersachsen - Säule 1 „Etablierung einer zentralen Service- und Beratungsstelle""";;;01.01.2024;31.12.2028;B. PD;56000042;Accepted;
MWK;;Pro*Niedersachsen - Forschungsvorhaben aus dem Bereich Geistes-, Kultur- und Sozialwissenschaften;Koloniale Spuren   (Überarbeitung);Koloniale Spuren in Tansania und Niedersachsen – Ein interaktiver postkolonialer Atlas;;01.10.2024;30.09.2026;C. OSL;;Rejected;
BMBF;;DATIpilot - Modul 2 - Innovationscommunities;WissensWert;Innovationsnetzwerk für nachhaltige Entwicklung im kollaborativen Wissens-Wert-Kreislauf;;01.09.2024;31.08.2026;D. DSDL;;Rejected;
BMBF;;DATIpilot - Modul 2 - Innovationscommunities;Sportdatenraum;Datengestützte Entscheidungen im kommunalen und organisierten Sport – Aufbau eines integrierten Sportdatenraums;;;;D. KI;;Rejected;
BMDV;;"Förderrichtlinie „mFUND""";FDO-iP;FAIR Digital Objects into Practice;;;;D. KI;;Rejected;
Alfred Landecker Foundation;; Academic Research Grant;Maps of Memory;Maps of memory - advancing open data research in collaborative environments;;01.01.2024;31.12.2026;C. OSL;;Rejected;
MWK;;Bibliothekssondermittel;;Möglichkeiten des Einsatzes von KI-Erweiterungen für SMW-basierte Dienste an der TIB;;01.11.2023;05.12.2023;A. Ref. PM;56000035;Accepted;
MWK;;Bibliothekssondermittel - Förderung der Wissenschaftlichen Bibliotheken im Land Niedersachsen im Haushaltsjahr 2024;;Interaktiver Datenaustausch zwischen Forschungsdatenrepositorien mittels Wissensgraphen im niedersächsischen Raum - Eine Machbarkeitsstudie;;08.05.2024;07.05.2025;C. NTM;56000046;Accepted;
MWK;;zukunft.niedersachsen: Digitalität der wissenschaftlichen Bibliotheken - Handlungsfeld 2: Digitale Langzeitarchivierung;LZA  - Teilantrag 1 Hardware;Förderung der LZA für das Land Niedersachsen - Teilantrag Hardware;;29.11.2023;28.11.2028;A. BuL;56000041;Accepted;
MWK;;zukunft.niedersachsen: Digitalität der wissenschaftlichen Bibliotheken - Handlungsfeld 2: Digitale Langzeitarchivierung;LZA  - Teilantrag 2 Umsetzung;Förderung der LZA für das Land Niedersachsen - Teilantrag Umsetzung;;;;A. BuL;;Submitted;
DFG;NA 1973/1-1;DFG Walter-Benjamin;University Journals;Role of University Journals in Scholarly Communication in Academic Publisher Oligopoly Environment;;01.07.2024;30.06.2026;C. OSL;51000090;Accepted;
BMWK;;Digitalisierung der Fahrzeughersteller und Zulieferindustrie und industrieller Lieferketten;ORCA;Inter-Organizational Resilience Communication Agents;;01.06.2024;30.11.2026;D. DSDL;;Rejected;
DFG;;DFG Priority Programm “Hybrid Decision Support in Product Creation” (SPP 2443) ;;HUMAn-Centered & Neuro-Symbolic DECIsion Support in CIrcular PrOduct ENgineering (HUMAN-DECISION);;;;D. DSDL;;Accepted;
EU;;ERC-2024-SyG;SEE-ID;;;;;C. VA;;Submitted;
EU;;HORIZON-CL3-2023-CS-01-03;ASSURE;;;;;D. DSDL;;Submitted;
MWK;76202-3144/2021 (76ZN2002);PRO*Niedersachsen – Forschungsprojekte der Geistes-, Kultur- und Sozialwissenschaften;InArbeit;Intelligenter Arbeitsmarkt? Auswirkungen der KI-Transformation auf Berufe, Branchen und Regionen;;01.01.2023;30.12.2025;C. LSA;56000036;Accepted;
MWK;;"Europa Programm - Niedersachsen – eine starke Region für Forschung und Innovation in Europa'  Förderformat: ""Niedersachsen KONSORT""";KONSORT #semanticClimate:;"KONSORT #semanticClimate: Mit Partizipation und offenen
Wissengraphen Klimaschutz-Wissen in die Gesellschaft bringen";;01.01.2024;30.06.2025;C. OSL;;Rejected;
DFG;;"DFG-LIS ""e-Research Technologien""";;"AI-powered In-depth Semantification of Scholarly Publications in
Materials Science and Engineering";;;;D. KCB;;Rejected;
DAAD;57723232;Ukraine digital: Studienerfolg in Krisenzeiten sichern (2024);Open Education Resources with Ukraine (OER with Ukraine);OER with Ukraine;;01.01.2024;31.12.2024;C. NTM;20240028;Accepted;
VW Stiftung;;zukunft.niedersachsen: Neue Fragestellungen der personalisierten Medizin in Prävention, Diagnostik oder Therapie;Inter-Fib;Understanding Intervention-Induced Fibrosis (Inter-Fib);;01.10.2024;30.09.2028;C. SDM;;Submitted;
VW Stiftung;;zukunft.niedersachsen: Neue Fragestellungen der personalisierten Medizin in Prävention, Diagnostik oder Therapie;Inter-Fib;Understanding Intervention-Induced Fibrosis (Inter-Fib);;01.10.2024;30.09.2028;C. NTM;;Submitted;
VW Stiftung;;zukunft.niedersachsen: Neue Fragestellungen der personalisierten Medizin in Prävention, Diagnostik oder Therapie;Indivivac;Understanding individual vaccine responses for personalization of infectious disease prevention - Indivivac;;01.01.2025;31.12.2028;C. SDM;;Submitted;
VW Stiftung;;zukunft.niedersachsen: Neue Fragestellungen der personalisierten Medizin in Prävention, Diagnostik oder Therapie;Indivivac;Understanding individual vaccine responses for personalization of infectious disease prevention - Indivivac;;01.01.2025;31.12.2028;C. NTM;;Submitted;
BMBF;;Umgang mit Vielfalt ? Unterricht diversitätssensibel und lernwirksam gestalten;SelfDi;Diversitätsbezogene Selbstreflexivität als Schlüssel zu einem diversitätssensiblen und lernwirksamen Unterricht - Entwicklung und Implementierung einer KI-gestützten Lösung;;01.01.2025;31.12.2027;C. NTM;;Submitted;
BMBF;;Umgang mit Vielfalt ? Unterricht diversitätssensibel und lernwirksam gestalten;LLMs4Vielfalt;LLMs4Vielfalt: Methoden, Konzepte und LLM-basierte Tools für den technologie-unterstützten Umgang mit Vielfalt an Schulen;;01.01.2025;31.12.2027;C. VA;;Submitted;
Leibniz-Gemeinschaft;;Leibniz-Labs ;Leibniz-Lab Science Observatory;Leibniz-Lab Science Observatory - Evidence Hub gegen Desinformation und Analyse gesellschaftlicher Veränderungen durch und mit KI;;;;D. DSDL;;Rejected;
Leibniz-Gemeinschaft;;Leibniz-Labs ;Leibniz-Lab Systemische Nachhaltigkeit;Leibniz-Lab „Systemische Nachhaltigkeit“ - Biodiversität, Klima, Landwirtschaft und Ernährung innerhalb planetarer Grenzen;;01.04.2024;31.03.2027;D. KI;;Accepted;
MWK;;Agenda zukunft.niedersachsen;TRAFO NDS;Transparenz für Forschung in Niedersachsen;;01.10.2024;30.09.2029;C. OSL;;Rejected;
DFG;EW 134/20-1;DFG LIS;VABiKo;Visual Analytics für den Bildbestand der Deutschen Kolonialgesellschaft (VABiKo);;21.02.2024;20.02.2027;C. VA;51000091;Accepted;
VW Stiftung;;Pioniervorhaben – Explorationen des unbekannten Unbekannten;GAIA;GAIA: global art + intersectionality analysis;;;;C. OSL;;Rejected;
BMBF;;Förderaufruf Maßnahmen zur Etablierung nachhaltiger gemeinsamer Partnerstrukturen (EAP und ZA);SkillbridgeOER;Skills Building for Research and Innovation through German-Ukrainian Open Educational Resources;;;;C. NTM;;Submitted;
MWK;14 - 55 026-2024;Zusätzliche Förderung der Wissenschaftlichen Bibliotheken im Land Niedersachsen im Haushaltsjahr 2024;Restaurierungsmittel (Sammlung Haupt);Konervierungsprojekt für die Architektennachlässe der TIB;;01.01.2024;31.12.2024;A. Ref. L;56000043;Accepted;
EU;;HORIZON-CL2-2024-TRANSFORMATIONS-01-11;GENAI4LABOUR;Generative AI for Resilient and Equitable Labour Markets;;;;C. LSA;;Rejected;
EU;;HORIZON-CL2-2024-DEMOCRACY-01-08;FutureDEM;Shaping the Future of DEMocracy through new models of hybrid cultural spaces and social media;;;;C. OSL;;Rejected;
EU;;HORIZON-CL2-2024-DEMOCRACY-01-04;PEOPLE;PEOPLE for Digital Democracy - Plural, European and Open Digital Democracy Laboratory of Excellence;;;;D. DSDL;;Rejected;
EU;;HORIZON-CL6-2024-BIODIV-01-02;SpaceSeas;Advancing Methodological Excellence and Operational Solutions for Enhanced Conservation of Sentinel Marine Species and Biodiversity Management in International and EU Law;;;;D. KI;;Rejected;
EU;;ERASMUS-EDU-2024-PI-ALL-INNO-EDU-ENTERP;GEMINI;;;;;C. LSA;;Submitted;
EU;;HORIZON-INFRA-2024-EOSC-01-05;LUMEN;Linked User-driven Multidisciplinary Exploration Network;;;;D. KI;;Submitted;
EU;;HORIZON-INFRA-2024-EOSC-01-04;EOSC EDEN;Enhancing Digital preservation strategies at European and National level;;;;A. BuL;;Submitted;
EU;;HORIZON-INFRA-2024-EOSC-01-01;FAIR2Adapt;FAIR to Adapt to Climate Change;;;;D. KI;;Submitted;
EU;;HORIZON-INFRA-2024-TECH-01-01;INTER-ACT;Interoperable, cross-domain, cross-ERIC health data for European R&D and public health action;;;;D. DSDL;;Submitted;
Humboldt-Stiftung;;Humboldt-Stiftung Philipp-Schwartz-Initiative;DE-EU Comparison;Comparative Analysis of National Scientific Systems through University Journals in the Advanced;;;;C. OSL;;Rejected;
BMBF;;Förderung der Begleitung von Schulträgern bei Organisationsentwicklungs-Prozessen zum digitalen Wandel in der Bildung (OE_Struktur);STEP-ONE;Sozio-technische Entwicklungsperspektive - OER Nachhaltig Etablieren (STEP-ONE);;;;C. LSA;;Submitted;
DFG;;Brückenprojekt zwischen LIS und Sachbeihilfe;Translation Rights;Translation Rights – Historische Datenbank zum Übersetzungsmarkt fürdeutschsprachige Literatur und Literatur auf Deutsch;;;;C. OSL;;Submitted;
DFG;"KR 4535; VI 1050";LIS e-Research Technologies;LDM-TRR (Wiedereinreichung);Leibniz Data Manager - Taking LDM into the Transparent, Reproducible, and Responsible Management of Digital Research Objects Across Various Repositories;;;;C. NTM;;Rejected;
MWK;;Niedersachsen-Konsortium;NiedersachsenOPEN;Zentraler niedersächsischer Open-AccessPublikationsfonds „NiedersachsenOPEN“ ;;01.03.2024;28.02.2027;B. PD;56000044;Accepted;
BMBF;;Wissenschafts- und Hochschulforschung (WiHo);Konvalleria;"Konferenzorganisation: Valorisation, Aktivitäten und Rollen
unsichtbarer Arbeit im Wissenschaftssystem";;;;C. OSL;;Rejected;
BMBF;;Wissenschafts- und Hochschulforschung (WiHo);GAMS;Gekaufte Autorenschaften - Motivationen und Strukturen;;;;C. OSL;;Rejected;
BMBF;;Wissenschafts- und Hochschulforschung (WiHo);GROBI;"Verbundprojekt: Graphische Observatorien für bibliometrische Analysen - GROBI; Teilvorhaben: Observatorien für offene Forschungsinformationen";;01.01.2025;30.06.2027;C. OSL;;Submitted;
Bundesinstitut für Sportwissenschaft (BISp);;;PIDs für Sportstätten;Entwicklung und Validierung eines Verfahrens zur datenbasierten Ermittlung des indivi-duellen Sanierungsbedarfs bundesdeutscher Sportstätten anhand des baulichen Zustands sowie zur Einschätzung des lokalen Versorgungsgrads mit Kernsportstätten;;01.01.2024;30.06.2024;D. KI;59000042;Accepted;
Bundesinstitut für Sportwissenschaft (BISp);ZMI4-081404/22-23;;PIDs für Sportstätten - 2. Aufstockungsantrag;Entwicklung und Validierung eines Verfahrens zur datenbasierten Ermittlung des indivi-duellen Sanierungsbedarfs bundesdeutscher Sportstätten anhand des baulichen Zustands sowie zur Einschätzung des lokalen Versorgungsgrads mit Kernsportstätten;;01.07.2024;31.12.2024;D. KI;;Accepted;
MWK;;Pioniervorhaben – Impulse für das Wissenschaftssystem;KonKor;Korpus für die Konferenzforschung und -evaluierung;;;;A. Ref. PM;;Rejected;
DFG;;LIS-Förderprogramm: Open-Access-Publikationskosten;;"Fortsetzungsantrag „Open-Access-Publikationskosten 2025–2027 Leibniz Universität Hannover (LUH)""";;01.01.2025;31.12.2027;A. Ref. L;;Submitted;
DFG;;Nationale Forschungsdateninfratruktur (NDFI) Base4NFDI - Initialisation;KG4NFDI ;KG4NFDI - Knowledge Graph Infrastructure for the German National Research Data Infrastructure;;01.06.2024;31.05.2025;C. OSL;51000095;Accepted;
Leibniz-Gemeinschaft;T155/2024;Leibniz-Wettbewerb-2025: Leibniz Transfer;ed4all (Wiedereinreichung);Towards the next generation of online learning: A community based, and Artificial Intelligence driven educational platform for all;;01.01.2025;31.12.2027;C. LSA;;Submitted;
Leibniz-Gemeinschaft;;Leibniz-Wettbewerb-2025: Professorinnenprogramm;INSIGHT;Integrated Reasoning for Scholarly Communication Enhancements Using Multimodal Tools;;01.01.2025;31.12.2029;D. AI;;Submitted;
Leibniz-Gemeinschaft;;Leibniz-Wettbewerb-2025: Collaborative Excellence;ComScAI;Transforming Communication Science Research with Large Language Model-Powered Scholarly Knowledge Graphs;;01.01.2025;31.12.2027;D. DSDL;;Submitted;
DFG;EW 134/22-1;DFG LIS;SportVid;SportVid: Ein Portal zur Unterstützung der Suche, Analyse und Auswertung von Videos in der Sport- und Trainingswissenschaft;;01.05.2024;01.05.2027;C. VA;51000092;Accepted;
VW Stiftung;;Forschungskooperation Niedersachsen - Israel;SciAI;Transforming Scientific Funding and Research Gap Identification via AI-powered Network Science and Large Language Models;;01.01.2025;31.12.2028;D. DSDL;;Submitted;
VW Stiftung;;Forschungskooperation Niedersachsen - Israel;ReViEW;Re/ViEW – A Meta-Curatorial Workspace for the Study of Digital Remembrance Practices in Israel/Palestine and Germany, and Their Interconnections;;01.01.2025;31.12.2026;C. OSL;;Submitted;
DFG;;"LIS - Ausschreibung: “Digitalisierung und Bereitstellung (noch) rechtebewehrter Objekte“ im LIS-Förderprogramm „Digitalisierung und Erschließung""";Remedy;Remedy - Rechtemanagement und Bereitstellung von sensiblen AV-Medien am Beispiel von Medizinfilmen der ehemaligen IWF gGmbH;;;;C. NTM;;Submitted;
DFG;;"LIS - Ausschreibung: ""Fresh Momentum for Diamond Open Access"" im Förderprogramm „Infrastructures for Scholarly Publishing""";CADOA;CADOA – Capacity Building for Diamond Open Access;;01.01.2025;31.12.2026;B. PD;;Submitted;
DFG;;Nationale Forschungsdateninfratruktur (NDFI) ;NFDI4Chem;NFDI4Chem - Fachkonsortium Chemie in der NFDI;;01.10.2025;30.09.2030;C. LSK;;Submitted;
DFG;;Nationale Forschungsdateninfratruktur (NDFI) ;NFDI4Ing;;;01.10.2025;30.09.2030;;;Submitted;
DFG;;Nationale Forschungsdateninfratruktur (NDFI) ;NFDI4Culture;;;01.10.2025;30.09.2030;;;Submitted;
DFG;;Nationale Forschungsdateninfratruktur (NDFI) - Proposal for the Integration Phase of Base4NFDI;TS4NFDI (2. Phase - Integration);"Terminology Services 4 NFDI - A cross domain service for the provision, curation, development, harmonisation, and
mapping of terminologies";;01.01.2025;31.12.2026;C. LSK;;Submitted;
DFG;;Nationale Forschungsdateninfratruktur (NDFI) - Proposal for the Integration Phase of Base4NFDI;PID4NFDI (2. Phase - Integration);Persistent Identifier Services for the German National Research Data Infrastructure;;01.01.2025;31.12.2026;A. Ref. PM;;Submitted;
DFG;;Nationale Forschungsdateninfratruktur (NDFI) - Proposal for the Integration Phase of Base4NFDI;PID4NFDI (2. Phase - Integration);Persistent Identifier Services for the German National Research Data Infrastructure;;01.01.2025;31.12.2026;D. KI;;Submitted;
DFG;;Nationale Forschungsdateninfratruktur (NDFI) - Proposal for the Initialisation Phase of Base4NFDI;nfdi.software;;;01.11.2024;31.10.2025;D. DSDL;;Submitted;
MWK;;Landesinitiative Forschungsdatenmanagement (FDM-NDS) - Säule 3, erste Ausschreibung;MI-FDM (Messinstrument-FDM);Entwicklung und Validierung eines Messinstruments für FDM-Kompetenz (Verbundvorhaben);;01.01.2025;31.12.2026;C. OSL;;Submitted;
DFG;;LIS-Förderprogramm: Infrastrukturen für wissenschaftliches Publizieren;SciPAI;Entwicklung eines Infrastrukturframeworks zur dynamischen Produktion und persistenten, forschungskonformen Publikation von Wissenschaftspodcasts unter Einsatz Künstlicher Intelligenz;;;;C. NTM;;Submitted;
DFG;;LIS-Förderprogramm: Infrastrukturen für wissenschaftliches Publizieren;SciPAI;Entwicklung eines Infrastrukturframeworks zur dynamischen Produktion und persistenten, forschungskonformen Publikation von Wissenschaftspodcasts unter Einsatz Künstlicher Intelligenz;;;;C. VA;;Submitted;
